crime_head,pending_prev_year,reported_during_year,reopened_for_investigation,total_for_investigation,not_investigated_157_1_b,transferred_other_state_or_agency,withdrawn_by_govt,fr_non_cognizable,fr_false,fr_other_13,fr_other_14,fr_other_15,fr_total,chargesheet_prev_year,chargesheet_during_year,chargesheet_total,disposed_by_police,quashed_investigation,stayed_investigation,pending_end_year,chargesheeting_rate_pct,pendency_pct,year
Murder,22590,28653,36,51279,1,117,1,18,751,720,2572,217,4278,9186,16809,25995,30391.0,2,125,20885,85.5,40.7,2017
Culpable Homicide not amounting to Murder,1773,3401,24,5198,0,1,1,3,80,121,300,12,516,1050,1881,2931,3448.0,5,216,1744,85.0,33.6,2017
Causing Death by Negligence - Total,48287,142794,60,191141,9,39,3,91,1015,3343,22636,5710,32795,26708,83047,109755,142598.0,5,29,48535,77.0,25.4,2017
Deaths due to Negligence relating to Road Accidents,44140,134803,57,179000,9,36,3,37,793,3045,21724,5629,31228,25671,78731,104402,135675.0,2,28,43320,77.0,24.2,2017
Hit and Run,10129,43727,44,53900,5,5,2,22,331,1162,12640,465,14620,5008,24128,29136,43766.0,0,0,10132,66.6,18.8,2017
Other Accidents,34011,91076,13,125100,4,31,1,15,462,1883,9084,5164,16608,20663,54603,75266,91909.0,2,28,33188,81.9,26.5,2017
Deaths due to Negligence relating to Rail Accidents,6,84,0,90,0,0,0,0,0,5,9,1,15,1,7,8,23.0,0,0,67,34.8,74.4,2017
Deaths due to Medical Negligence,107,198,0,305,0,0,0,0,9,19,28,1,57,33,72,105,162.0,1,0,142,64.8,46.6,2017
Deaths due to Negligence of Civic Bodies,27,103,0,130,0,0,0,0,11,22,18,0,51,11,18,29,80.0,0,0,50,36.3,38.5,2017
Deaths due to other Negligence,4007,7606,3,11616,0,3,0,54,202,252,857,79,1444,992,4219,5211,6658.0,2,1,4956,78.3,42.7,2017
Dowry Deaths,3758,7466,6,11230,0,6,0,5,198,185,322,4,714,2330,4708,7038,7758.0,4,0,3468,90.7,30.9,2017
Abetment of Suicide,3517,8129,10,11656,0,15,1,5,439,223,257,28,952,1843,4546,6389,7356.0,22,19,4277,86.9,36.7,2017
Attempt to Commit Murder,26816,51621,3,78440,1,48,3,388,1157,933,1965,61,4504,14028,32407,46435,50988.0,53,79,27396,91.1,34.9,2017
Attempt to commit Culpable Homicide,3580,7191,0,10771,0,1,0,5,55,108,357,3,528,1849,4800,6649,7178.0,15,8,3578,92.6,33.2,2017
Attempt to Commit Suicide,644,1944,1,2589,0,0,0,3,104,59,213,25,404,322,1015,1337,1741.0,2,2,846,76.8,32.7,2017
"Miscarriage, Infanticide, Foeticide and Abandonment",501,1872,0,2373,0,1,0,2,44,126,1149,1,1322,94,269,363,1686.0,0,0,687,21.5,29.0,2017
Hurt - Total,139955,494617,83,634655,3,89,27,4068,10745,14948,19157,628,49546,87746,346587,434333,483971.0,169,90,150488,89.7,23.7,2017
Simple Hurt,105166,401301,52,506519,2,74,22,3849,9762,12780,13314,209,39914,72069,282631,354700,394690.0,125,83,111682,89.9,22.0,2017
Voluntarily Causing Simple Hurt,51075,222285,14,273374,1,28,0,3119,6158,8576,6242,87,24182,32281,160649,192930,217141.0,33,18,56200,88.9,20.6,2017
Voluntarily causing hurt by Dangerous weapons or means,46474,143262,34,189770,0,21,20,684,2758,3359,4106,99,11006,34112,98627,132739,143766.0,80,40,45904,92.3,24.2,2017
Voluntarily Causing hurt/Force to deter public servant from his duty,4052,15336,3,19391,0,5,2,32,443,322,486,6,1289,2806,10048,12854,14148.0,4,11,5237,90.9,27.0,2017
Causing Hurt by act endangering life/safety of others,2205,12550,0,14755,0,0,0,9,136,266,1004,11,1426,1979,8937,10916,12342.0,5,8,2408,88.4,16.3,2017
Other Simple Hurt,1360,7868,1,9229,1,20,0,5,267,257,1476,6,2011,891,4370,5261,7293.0,3,6,1933,72.1,20.9,2017
Grievous Hurt,34789,93316,31,128136,1,15,5,219,983,2168,5843,419,9632,15677,63956,79633,89281.0,44,7,38806,89.2,30.3,2017
Voluntarily causing grievous hurt,22848,65910,7,88765,1,4,3,185,565,1751,3208,219,5928,10668,47240,57908,63841.0,19,6,24902,90.7,28.1,2017
Voluntarily causing grievous hurt by dangerous weapons or means,9998,21249,24,31271,0,6,2,31,232,286,2116,186,2851,3976,13283,17259,20116.0,25,0,11128,85.8,35.6,2017
Acid Attack,101,244,0,345,0,0,0,2,12,6,14,0,34,54,159,213,247.0,0,0,98,86.2,28.4,2017
Attempt to Acid Attack,29,65,0,94,0,0,0,0,9,1,6,0,16,12,35,47,63.0,0,0,31,74.6,33.0,2017
Voluntarily Causing Grievous hurt/Force to deter public servant from his duty,248,1687,0,1935,0,2,0,1,17,24,109,0,151,120,862,982,1135.0,0,1,800,86.5,41.3,2017
Causing Grievous Hurt by act endangering life/safety of others,1035,3529,0,4564,0,3,0,0,145,94,253,14,506,823,2096,2919,3428.0,0,0,1136,85.2,24.9,2017
Other Grievous Hurt,530,632,0,1162,0,0,0,0,3,6,137,0,146,24,281,305,451.0,0,0,711,67.6,61.2,2017
Wrongful Restraint/Confinement,3897,20176,2,24075,1,5,159,64,2871,649,1022,4,4610,1850,11801,13651,18267.0,3,4,5646,74.7,23.5,2017
Assault on Women with Intent to Outrage her Modesty - Total,30651,86001,3,116655,0,58,2,112,4748,1918,3449,163,10390,17039,57017,74056,84504.0,65,36,32084,87.6,27.5,2017
Assault on Women with Intent to Outrage her Modesty,16599,46098,2,62699,0,37,1,77,3042,1082,1660,119,5980,9104,29907,39011,45028.0,30,27,17640,86.6,28.1,2017
Sexual Harassment,7206,20948,0,28154,0,15,0,32,874,493,950,11,2360,4049,14699,18748,21123.0,21,7,7010,88.8,24.9,2017
at Work or Office Premises,193,479,0,672,0,1,0,1,25,4,23,0,53,65,309,374,428.0,0,2,244,87.4,36.3,2017
In Public Transport System,156,599,0,755,0,3,0,0,13,2,21,0,36,86,459,545,584.0,0,0,171,93.3,22.6,2017
In Shelter Homes for women and Children,178,544,0,722,0,0,0,0,23,2,42,0,67,89,401,490,557.0,0,1,165,88.0,22.9,2017
Other Places,6679,19326,0,26005,0,11,0,31,813,485,864,11,2204,3809,13530,17339,19554.0,21,4,6430,88.7,24.7,2017
Assault or use of Criminal Force on women with intent to Disrobe,3302,9720,0,13022,0,3,0,0,538,231,511,17,1297,1878,6442,8320,9620.0,4,1,3398,86.5,26.1,2017
Voyeurism,437,1090,0,1527,0,0,0,0,36,15,40,2,93,235,670,905,998.0,1,0,528,90.7,34.6,2017
Stalking,3107,8145,1,11253,0,3,1,3,258,97,288,14,660,1773,5299,7072,7735.0,9,1,3508,91.4,31.2,2017
Kidnapping and Abduction - Total,57598,95893,31,153522,23,89,92,153,12903,22257,15838,446,51597,12925,24698,37623,89332.0,186,63,63912,42.1,41.6,2017
Kidnapping and Abduction,23238,45727,11,68976,22,64,92,135,6355,13305,7593,242,27630,4353,8911,13264,40980.0,119,12,27785,32.4,40.3,2017
Missing Children Deemed as Kidnapped,8304,17718,8,26030,21,19,81,102,3581,7094,2519,61,13357,862,2013,2875,16272.0,3,0,9674,17.7,37.2,2017
Other Kidnapping & Abduction,14934,28009,3,42946,1,45,11,33,2774,6211,5074,181,14273,3491,6898,10389,24708.0,116,12,18111,42.0,42.2,2017
Kidnapping and Abduction for the Purpose of Begging,45,72,0,117,0,0,0,0,24,5,6,0,35,10,24,34,69.0,0,0,48,49.3,41.0,2017
Kidnapping and Abduction in order to Murder,854,1278,0,2132,0,1,0,0,78,147,375,0,600,383,259,642,1243.0,1,0,888,51.6,41.7,2017
Kidnapping for Ransom,545,616,1,1162,0,4,0,2,39,29,51,0,121,178,298,476,601.0,2,0,559,79.2,48.1,2017
Kidnapping and Abduction of Women to compel her for marriage,20843,30614,6,51463,1,7,0,7,2868,6072,5591,93,14631,4943,9866,14809,29448.0,43,32,21972,50.3,42.7,2017
Procuration of Minor Girls,2127,3382,2,5511,0,1,0,0,608,393,311,39,1351,490,1140,1630,2982.0,0,0,2529,54.7,45.9,2017
Importation of Girls from Foreign Country,10,5,0,15,0,0,0,0,0,0,0,0,0,3,4,7,7.0,0,0,8,100.0,53.3,2017
Other Kidnapping & Abduction,9936,14199,11,24146,0,12,0,9,2931,2306,1911,72,7229,2565,4196,6761,14002.0,21,19,10123,48.3,41.9,2017
Human Trafficking,612,1127,5,1744,0,3,0,0,17,39,68,1,125,223,540,763,891.0,0,0,853,85.6,48.9,2017
Exploitation of Trafficked Person,56,117,0,173,0,0,0,0,2,0,2,0,4,14,42,56,60.0,0,0,113,93.3,65.3,2017
Selling of Minors for Prostitution,175,81,0,256,0,1,0,0,0,36,25,0,61,35,38,73,135.0,0,0,121,54.1,47.3,2017
Buying of Minors for Prostitution,25,4,0,29,0,0,0,0,0,2,0,0,2,2,1,3,5.0,0,0,24,60.0,82.8,2017
Rape,14406,32559,19,46984,0,67,6,20,2556,746,1012,30,4364,7447,21303,28750,33181.0,32,40,13765,86.6,29.3,2017
Attempt to Commit Rape,1880,4154,1,6035,0,1,0,3,463,153,236,13,868,1041,2400,3441,4310.0,1,2,1724,79.8,28.6,2017
Unnatural Offences,644,1271,2,1917,0,2,0,0,59,25,58,0,142,314,902,1216,1360.0,2,1,555,89.4,29.0,2017
Offences Affecting the Human Body (Total),361365,989071,286,1350722,38,543,295,4940,38207,46591,70638,7346,167722,186046,614811,800857,969160.0,566,714,380701,82.6,28.2,2017
Offences against State,621,160,0,781,0,2,0,0,3,3,53,0,59,39,41,80,141.0,0,0,640,56.7,81.9,2017
Sedition,105,51,0,156,0,0,0,0,3,2,6,0,11,7,20,27,38.0,0,0,118,71.1,75.6,2017
Others,516,109,0,625,0,2,0,0,0,1,47,0,48,32,21,53,103.0,0,0,522,51.5,83.5,2017
Offences against the State (Total),621,160,0,781,0,2,0,0,3,3,53,0,59,39,41,80,141.0,0,0,640,56.7,81.9,2017
Unlawful Assembly,4095,13101,0,17196,0,1,6,255,567,820,905,0,2547,1675,7172,8847,11395.0,11,8,5784,77.6,33.6,2017
Riots,35488,58880,39,94407,0,33,16,617,1347,1404,2726,19,6113,18203,36105,54308,60454.0,77,92,33860,89.8,35.9,2017
Communal/Religious,636,723,0,1359,0,1,0,2,18,14,53,0,87,317,323,640,728.0,1,0,630,87.9,46.4,2017
Sectarian,191,183,0,374,0,0,0,0,0,0,10,0,10,65,106,171,181.0,0,0,193,94.5,51.6,2017
Industrial,110,178,0,288,0,0,0,2,3,10,17,2,34,57,84,141,175.0,0,0,113,80.6,39.2,2017
Political,984,1909,0,2893,0,0,6,6,33,40,69,2,150,528,1105,1633,1783.0,1,4,1103,91.6,38.1,2017
Caste Conflict,826,805,0,1631,0,10,0,4,21,28,76,2,131,301,511,812,953.0,4,7,674,85.2,41.3,2017
Agrarian,1548,3330,0,4878,0,0,0,106,41,22,93,0,262,744,2298,3042,3304.0,2,4,1572,92.1,32.2,2017
Students,290,562,2,854,0,0,0,3,15,8,38,0,64,147,338,485,549.0,1,0,304,88.3,35.6,2017
Vigilants,0,2,0,2,0,0,0,0,0,0,0,0,0,0,2,2,2.0,0,0,0,100.0,0.0,2017
Money Dispute,561,1058,0,1619,0,0,1,7,25,55,79,0,166,311,632,943,1109.0,4,0,505,85.0,31.2,2017
Water Dispute,328,432,0,760,0,0,0,2,6,25,33,0,66,243,285,528,594.0,0,1,166,88.9,21.8,2017
Land/Property Dispute,5890,12930,8,18828,0,0,0,266,196,215,238,10,925,3685,7521,11206,12131.0,0,8,6697,92.4,35.6,2017
Family Disputes,1247,3547,0,4794,0,0,0,7,81,51,122,0,261,686,2238,2924,3185.0,4,3,1605,91.8,33.5,2017
Enmity/Rivalry,1109,4221,0,5330,0,0,0,4,52,45,80,0,181,731,2540,3271,3452.0,11,0,1867,94.8,35.0,2017
Electricity/Power Supply Disputes,8,63,0,71,0,0,0,0,0,0,15,1,16,5,31,36,52.0,0,0,19,69.2,26.8,2017
Rioting while in Aandolan/Morcha,614,2517,0,3131,0,0,1,3,14,4,81,0,102,362,1854,2216,2318.0,0,0,812,95.6,25.9,2017
Rioting/Attacks on Police Personnel or Govt Servants,2374,1546,0,3920,0,5,0,0,16,13,257,0,286,783,800,1583,1874.0,0,2,2046,84.5,52.2,2017
Other Riots,18772,24874,29,43675,0,17,8,205,826,874,1465,2,3372,9238,15437,24675,28064.0,49,63,15554,87.9,35.6,2017
Offences promoting enmity between different groups,611,958,0,1569,0,10,0,0,32,60,147,0,239,179,333,512,761.0,0,3,808,67.3,51.5,2017
Promoting enmity between groups,575,934,0,1509,0,10,0,0,32,59,142,0,233,171,323,494,737.0,0,3,772,67.0,51.2,2017
"Imputation, assertions prejudicial to national integration",36,24,0,60,0,0,0,0,0,1,5,0,6,8,10,18,24.0,0,0,36,75.0,60.0,2017
Affray,629,5112,20,5761,0,0,0,0,1,9,28,0,38,514,4557,5071,5109.0,0,0,652,99.3,11.3,2017
Offences against Public Tranquillity (Total),40823,78051,59,118933,0,44,22,872,1947,2293,3806,19,8937,20571,48167,68738,77719.0,88,103,41104,88.4,34.6,2017
Theft,251834,589058,808,841700,59,1969,72,5132,5353,30879,387449,5342,434155,39526,103726,143252,579435.0,782,50,261411,24.7,31.1,2017
Auto/Motor Vehicle Theft,82828,225445,319,308592,10,76,19,183,2496,11741,160053,1317,175790,14188,35377,49565,225441.0,58,35,83074,22.0,26.9,2017
Other Thefts,169006,363613,489,533108,49,1893,53,4949,2857,19138,227396,4025,258365,25338,68349,93687,353994.0,724,15,178337,26.46570281,33.45232111,2017
Burglary,60712,110711,262,171685,12,38,3,128,1599,4624,63829,736,70916,13031,28567,41598,112564.0,11,13,59107,37.0,34.4,2017
Day Time,13185,18381,62,31628,3,8,3,15,457,476,11769,381,13098,2621,4557,7178,20287.0,5,2,11333,35.4,35.8,2017
Night,47527,92330,200,140057,9,30,0,113,1142,4148,52060,355,57818,10410,24010,34420,92277.0,6,11,47774,37.3,34.1,2017
Extortion & Blackmailing,6210,9736,2,15948,1,8,1,25,435,462,1557,34,2513,2346,5089,7435,9957.0,27,13,5963,74.7,37.4,2017
Robbery,22433,30742,41,53216,0,133,0,84,524,519,9000,81,10208,7249,14944,22193,32534.0,29,14,20653,68.2,38.8,2017
Attempt to Commit Dacoity/Robbery,154,649,0,803,0,1,0,0,1,20,82,0,103,54,413,467,571.0,0,0,232,81.8,28.9,2017
Dacoity,4006,3575,12,7593,0,10,0,16,118,54,481,7,676,1433,1707,3140,3826.0,18,18,3749,82.1,49.4,2017
Dacoity,3954,3528,12,7494,0,10,0,16,118,53,477,7,671,1413,1669,3082,3763.0,18,18,3713,81.9,49.5,2017
Dacoity with Murder,52,47,0,99,0,0,0,0,0,1,4,0,5,20,38,58,63.0,0,0,36,92.1,36.4,2017
Making Preparation and Assembly for committing Dacoity,1476,3463,5,4944,0,3,0,0,4,5,55,0,64,863,2332,3195,3262.0,0,0,1682,97.9,34.0,2017
Criminal Misappropriation,148,276,0,424,0,0,0,2,10,16,46,0,74,118,134,252,326.0,0,0,98,77.3,23.1,2017
Criminal Breach of Trust,21760,20371,20,42151,2,26,4,29,971,1432,3841,58,6331,6291,6543,12834,19193.0,41,80,22913,66.9,54.4,2017
Dishonestly Receiving/Dealing-in Stolen Property,1188,6682,1,7871,0,16,0,5,66,41,427,0,539,858,4873,5731,6286.0,0,0,1585,91.2,20.1,2017
Offences against Property (Total),369921,775263,1151,1146335,74,2204,80,5421,9081,38052,466767,6258,525579,71769,168328,240097,767954.0,908,188,377393,31.3,32.9,2017
Counterfeiting,2685,1171,1,3857,2,36,0,0,6,20,495,0,521,330,436,766,1325.0,0,1,2532,57.8,65.6,2017
Counterfeit Coin,783,9,0,792,0,0,0,0,0,0,2,0,2,11,4,15,17.0,0,0,775,88.2,97.9,2017
Counterfeiting Government Stamp,4,1,0,5,0,0,0,0,0,0,0,0,0,0,1,1,1.0,0,0,4,100.0,80.0,2017
Counterfeiting of Seal or Mark,8,17,0,25,0,0,0,0,0,1,3,0,4,3,5,8,12.0,0,0,13,66.7,52.0,2017
Counterfeit Currency & Bank notes,1890,1144,1,3035,2,36,0,0,6,19,490,0,515,316,426,742,1295.0,0,1,1740,57.3,57.3,2017
"Forgery, Cheating & Fraud",121396,127430,144,248970,7,434,12,414,12490,17241,23472,609,54226,32947,30945,63892,118559.0,341,588,130058,53.9,52.2,2017
Fraud,16697,20882,11,37590,0,43,0,20,1523,2848,5672,59,10122,3908,4187,8095,18260.0,50,62,19280,44.3,51.3,2017
Bank,1114,1783,1,2898,0,0,0,0,33,60,637,5,735,198,414,612,1347.0,1,1,1550,45.4,53.5,2017
ATMs,1656,3472,0,5128,0,1,0,4,31,57,1476,4,1572,250,705,955,2528.0,1,1,2599,37.8,50.7,2017
Credit Card/Debit Card,925,1543,0,2468,0,2,0,1,44,46,790,3,884,121,168,289,1175.0,1,0,1292,24.6,52.4,2017
Other Frauds,13002,14084,10,27096,0,40,0,15,1415,2685,2769,47,6931,3339,2900,6239,13210.0,47,60,13839,47.2,51.1,2017
Other Cheating,93269,89234,123,182626,6,363,11,371,8712,11471,15643,545,36742,24885,22667,47552,84663.0,267,468,97685,56.2,53.5,2017
Other Forgery,11430,17314,10,28754,1,28,1,23,2255,2922,2157,5,7362,4154,4091,8245,15636.0,24,58,13093,52.7,45.5,2017
Offences Relating to Documents & Property Marks (Total),124081,128601,145,252827,9,470,12,414,12496,17261,23967,609,54747,33277,31381,64658,119884.0,341,589,132590,53.9,52.4,2017
Offences relating to Elections,184,952,1,1137,0,1,0,3,17,17,47,0,84,61,688,749,834.0,0,11,303,89.8,26.6,2017
Disobedience to order duly promulgated by Public Servant,2749,26080,0,28829,0,6,0,6,108,224,565,8,911,1402,21626,23028,23945.0,3,18,4881,96.2,16.9,2017
Harbouring an Offender,10,128,0,138,0,0,0,0,3,2,7,0,12,2,89,91,103.0,0,0,35,88.3,25.4,2017
Offences relating to Adulteration or Sale of Food/Drugs,185,2588,0,2773,0,234,0,0,8,5,20,0,33,133,1898,2031,2298.0,0,0,475,88.4,17.1,2017
Rash Driving on Public way,99199,482259,10,581468,31,33,13,74,2043,5947,26905,317,35286,64852,387303,452155,487505.0,23,30,93927,92.7,16.2,2017
Rash Driving on Public Way,14058,208567,0,222625,11,8,0,21,236,900,3738,61,4956,11365,194591,205956,210931.0,2,0,11692,97.6,5.3,2017
Causing Hurt by Rash/Negligent Driving on Public Way,52192,166543,4,218739,9,20,4,49,1094,3651,15310,165,20269,31720,115164,146884,167182.0,18,19,51535,87.9,23.6,2017
Causing Grievous Hurt by Rash/Negligent Driving on Public,32949,107149,6,140104,11,5,9,4,713,1396,7857,91,10061,21767,77548,99315,109392.0,3,11,30700,90.8,21.9,2017
Obstruction on Public way,4075,74434,0,78509,0,7,0,1,16,15,206,1,239,3246,70263,73509,73755.0,1,0,4753,99.7,6.1,2017
Sale of obscene Books/Objects,76,147,0,223,0,0,0,0,2,0,11,0,13,41,90,131,144.0,0,0,79,91.0,35.4,2017
Obscene Acts and Songs at Public Places,3374,29557,0,32931,0,2,2,22,203,430,273,5,933,2648,26414,29062,29997.0,0,0,2932,96.9,8.9,2017
Offences relating to Religion,510,1808,4,2322,0,7,0,10,62,60,304,1,437,185,686,871,1315.0,2,2,1005,66.2,43.3,2017
Cheating by Impersonation,666,601,0,1267,0,4,0,0,19,95,48,8,170,64,262,326,500.0,0,0,767,65.2,60.5,2017
Offences related to Mischief,665,2626,0,3291,0,1,2,8,106,118,351,9,592,364,1475,1839,2432.0,0,1,857,75.6,26.0,2017
Arson,8149,9186,13,17348,0,2,0,26,347,460,2746,32,3611,1930,4083,6013,9626.0,7,6,7715,62.5,44.5,2017
Criminal Trespass,9536,35343,15,44894,2,13,0,110,3109,1723,2317,19,7278,5121,20615,25736,33029.0,25,29,11840,77.9,26.4,2017
Cruelty by Husband or his Relatives,50343,104551,44,154938,1,158,19,56,4931,5385,5705,100,16177,26296,64752,91048,107384.0,258,182,47277,84.8,30.5,2017
Circulate False/Fake News/Rumours,50,257,0,307,0,2,0,0,1,17,17,1,36,19,167,186,224.0,0,2,83,83.0,27.0,2017
Criminal Intimidation,10894,73669,3,84566,0,47,2,56,1593,1853,3318,9,6829,6057,56046,62103,68979.0,43,83,15542,90.0,18.4,2017
Insult to the Modesty of Women,4359,7451,1,11811,0,8,0,7,306,128,396,81,918,1782,4307,6089,7015.0,7,6,4789,86.8,40.5,2017
Miscellaneous IPC Crimes (Total),195024,851637,91,1046752,34,525,38,379,12874,16479,43236,591,73559,114203,660764,774967,849085.0,369,370,197260,91.3,18.8,2017
Other IPC Crimes,135135,239796,405,375336,6,121,5,788,15980,13516,24948,2006,57238,51200,146914,198114,255479.0,105,48,119747,77.5,31.9,2017
Total Cognizable IPC Crimes,1226970,3062579,2137,4291686,161,3909,452,12814,90588,134195,633415,16829,887841,477105,1670406,2147511,3039422.0,2377,2012,1249435,70.7,29.1,2017
Murder,20839,29017,35,49891,4,104,1,30,796,830,2773,250,4679,8679,16751,25430,30217.0,1,90,19672,84.2,39.4,2018
Culpable Homicide not amounting to Murder,1745,3635,2,5382,0,6,0,8,99,109,380,30,626,943,2002,2945,3577.0,2,2,1803,82.3,33.5,2018
Causing Death by Negligence - Total,48536,144031,15,192582,5,58,2,172,1203,2854,24202,5324,33755,25571,84380,109951,143769.0,27,309,48784,76.5,25.3,2018
Deaths due to Negligence relating to Road Accidents,43314,135051,10,178375,5,56,2,73,911,2583,22699,5204,31470,24121,79078,103199,134730.0,26,306,43617,76.6,24.5,2018
Hit and Run,10129,47028,1,57158,0,2,1,47,342,1061,12484,474,14408,4427,25987,30414,44824.0,7,197,12326,67.9,21.6,2018
Other Accidents,33185,88023,9,121217,5,54,1,26,569,1522,10215,4730,17062,19694,53091,72785,89906.0,19,109,31291,81.0,25.8,2018
Deaths due to Negligence relating to Rail Accidents,67,35,0,102,0,0,0,0,0,0,16,0,16,0,3,3,19.0,0,0,83,15.8,81.4,2018
Deaths due to Medical Negligence,145,218,0,363,0,0,0,0,19,26,37,1,83,53,88,141,224.0,0,1,139,62.9,38.3,2018
Deaths due to Negligence of Civic Bodies,50,40,0,90,0,0,0,0,6,2,11,0,19,11,14,25,44.0,0,0,46,56.8,51.1,2018
Deaths due to other Negligence,4960,8687,5,13652,0,2,0,99,267,243,1439,119,2167,1386,5197,6583,8752.0,1,2,4899,75.2,35.9,2018
Dowry Deaths,3468,7166,3,10637,0,3,0,1,162,170,369,5,707,2049,4603,6652,7362.0,2,1,3273,90.4,30.8,2018
Abetment of Suicide,4282,8324,16,12622,0,20,3,1,499,166,365,25,1056,2327,4452,6779,7855.0,19,20,4745,86.3,37.6,2018
Attempt to Commit Murder,27399,51489,4,78892,1,48,7,191,1059,754,2269,107,4380,14264,33190,47454,51883.0,69,58,26933,91.5,34.1,2018
Attempt to commit Culpable Homicide,3579,7987,0,11566,0,0,2,4,104,79,409,3,599,2250,5276,7526,8125.0,21,2,3418,92.6,29.6,2018
Attempt to Commit Suicide,846,2075,3,2924,0,0,0,5,118,80,97,32,332,449,1122,1571,1903.0,1,0,1020,82.6,34.9,2018
"Miscarriage, Infanticide, Foeticide and Abandonment",687,1728,0,2415,0,3,0,5,61,52,1225,2,1345,99,265,364,1712.0,2,0,701,21.3,29.0,2018
Hurt - Total,150438,530076,354,680868,3,74,6,6410,11891,13048,23191,743,55283,93074,372885,465959,521319.0,231,161,159312,89.4,23.4,2018
Simple Hurt,111631,446001,307,557939,3,64,5,5856,10600,10831,16515,258,44060,76058,314395,390453,434580.0,186,147,123168,89.8,22.1,2018
Voluntarily Causing Simple Hurt,56244,243845,4,300093,1,16,0,4265,6975,6949,9465,132,27786,37707,177581,215288,243091.0,66,85,56936,88.6,19.0,2018
Voluntarily causing hurt by Dangerous weapons or means,45809,157899,253,203961,1,19,3,1515,2683,2946,4111,100,11355,32375,107279,139654,151029.0,106,46,52823,92.5,25.9,2018
Voluntarily Causing hurt/Force to deter public servant from his duty,5237,18608,49,23894,1,9,1,22,453,300,686,9,1470,3437,12022,15459,16939.0,8,12,6946,91.3,29.1,2018
Causing Hurt by act endangering life/safety of others,2408,14727,0,17135,0,0,1,23,308,153,1135,12,1631,1445,10823,12268,13899.0,2,0,3233,88.3,18.9,2018
Other Simple Hurt,1933,10922,1,12856,0,20,0,31,181,483,1118,5,1818,1094,6690,7784,9622.0,4,4,3230,80.9,25.1,2018
Grievous Hurt,38807,84075,47,122929,0,10,1,554,1291,2217,6676,485,11223,17016,58490,75506,86739.0,45,14,36144,87.0,29.4,2018
Voluntarily causing grievous hurt,24900,56179,3,81082,0,3,1,517,781,1699,3820,413,7230,10880,41068,51948,59181.0,20,6,21880,87.8,27.0,2018
Voluntarily causing grievous hurt by dangerous weapons or means,11131,21087,37,32255,0,3,0,31,282,396,1885,68,2662,4764,13296,18060,20725.0,18,5,11512,87.1,35.7,2018
Acid Attack,96,228,0,324,0,0,0,4,13,6,23,0,46,36,122,158,204.0,1,0,119,77.5,36.7,2018
Attempt to Acid Attack,32,59,0,91,0,0,0,0,5,1,6,0,12,9,28,37,49.0,1,0,41,75.5,45.1,2018
Voluntarily Causing Grievous hurt/Force to deter public servant from his duty,800,1849,1,2650,0,1,0,0,36,14,191,1,242,406,1221,1627,1870.0,4,2,776,87.0,29.3,2018
Causing Grievous Hurt by act endangering life/safety of others,1137,3531,6,4674,0,3,0,2,99,83,244,3,431,791,2274,3065,3499.0,1,1,1174,87.6,25.1,2018
Other Grievous Hurt,711,1142,0,1853,0,0,0,0,75,18,507,0,600,130,481,611,1211.0,0,0,642,50.5,34.6,2018
Wrongful Restraint/Confinement,5644,19303,1,24948,0,2,0,154,4701,587,1731,2,7175,2335,9411,11746,18923.0,1,2,6024,62.1,24.1,2018
Assault on Women with Intent to Outrage her Modesty - Total,32144,89097,17,121258,3,35,4,143,5257,2450,4721,99,12670,17484,57617,75101,87809.0,83,39,33362,85.5,27.5,2018
Assault on Women with Intent to Outrage her Modesty,17682,47355,7,65044,1,22,2,90,3308,1513,2235,72,7218,9403,30295,39698,46939.0,42,31,18061,84.6,27.8,2018
Sexual Harassment,7023,20962,6,27991,2,9,2,35,1023,463,1300,19,2840,3832,14246,18078,20929.0,22,4,7038,86.4,25.1,2018
at Work or Office Premises,245,401,0,646,0,0,0,0,36,17,13,0,66,78,231,309,375.0,0,1,271,82.4,42.0,2018
In Public Transport System,169,730,4,903,0,3,0,1,11,9,38,1,60,103,526,629,692.0,0,0,211,90.9,23.4,2018
In Shelter Homes for women and Children,165,707,2,874,0,0,0,0,27,1,23,0,51,96,512,608,659.0,0,0,215,92.3,24.6,2018
Other Places,6444,19124,0,25568,2,6,2,34,949,436,1226,18,2663,3555,12977,16532,19203.0,22,3,6341,86.1,24.8,2018
Assault or use of Criminal Force on women with intent to Disrobe,3403,9949,0,13352,0,2,0,9,546,268,648,1,1472,1990,6246,8236,9710.0,12,3,3630,84.8,27.2,2018
Voyeurism,531,1393,0,1924,0,1,0,2,57,34,101,1,195,302,854,1156,1352.0,0,0,572,85.5,29.7,2018
Stalking,3505,9438,4,12947,0,1,0,7,323,172,437,6,945,1958,5975,7933,8879.0,7,1,4061,89.3,31.4,2018
Kidnapping and Abduction - Total,63967,105734,89,169790,5,85,36,267,14506,27522,20184,698,63177,12120,26788,38908,102175.0,78,75,67501,38.1,39.8,2018
Kidnapping and Abduction,27727,54848,52,82627,5,57,33,93,7437,17162,10124,368,35184,4367,10919,15286,50532.0,34,25,32028,30.3,38.8,2018
Missing Children Deemed as Kidnapped,9681,23826,1,33508,0,23,33,32,4372,8625,3587,84,16700,911,3828,4739,21462.0,7,0,12006,22.1,35.8,2018
Other Kidnapping & Abduction,18046,31022,51,49119,5,34,0,61,3065,8537,6537,284,18484,3456,7091,10547,29070.0,27,25,20022,36.3,40.8,2018
Kidnapping and Abduction for the Purpose of Begging,49,71,0,120,0,0,0,14,13,6,3,0,36,9,48,57,93.0,0,0,27,61.3,22.5,2018
Kidnapping and Abduction in order to Murder,888,1301,1,2190,0,3,0,1,86,114,527,3,731,315,281,596,1330.0,2,0,858,44.8,39.2,2018
Kidnapping for Ransom,560,593,0,1153,0,5,0,0,35,47,75,6,163,152,273,425,593.0,5,0,555,71.7,48.1,2018
Kidnapping and Abduction of Women to compel her for marriage,22015,33354,12,55381,0,6,0,97,3323,6879,6910,150,17359,4761,10676,15437,32802.0,19,48,22560,47.1,40.7,2018
Procuration of Minor Girls,2526,3039,21,5586,0,4,0,4,684,369,371,36,1464,622,1003,1625,3093.0,0,0,2493,52.5,44.6,2018
Importation of Girls from Foreign Country,8,4,0,12,0,0,0,0,1,0,0,0,1,0,1,1,2.0,0,0,10,50.0,83.3,2018
Other Kidnapping & Abduction,10194,12524,3,22721,0,10,3,58,2927,2945,2174,135,8239,1894,3587,5481,13730.0,18,2,8970,39.9,39.5,2018
Human Trafficking,877,1313,17,2207,0,3,0,1,24,62,57,3,147,333,672,1005,1155.0,1,0,1051,87.0,47.6,2018
Exploitation of Trafficked Person,113,190,0,303,0,0,0,0,1,4,4,0,9,57,109,166,175.0,0,0,128,94.9,42.2,2018
Selling of Minors for Prostitution,121,42,0,163,0,0,0,0,0,5,6,0,11,11,27,38,49.0,0,0,114,77.6,69.9,2018
Buying of Minors for Prostitution,24,8,0,32,0,0,0,0,0,0,1,0,1,0,2,2,3.0,0,0,29,66.7,90.6,2018
Rape,13762,33356,21,47139,1,71,3,31,2875,767,1093,75,4841,7054,21415,28469,33382.0,59,51,13695,85.3,29.1,2018
Attempt to Commit Rape,1722,4097,2,5821,0,2,0,6,493,147,274,12,932,771,2345,3116,4050.0,0,9,1771,76.9,30.4,2018
Unnatural Offences,555,1378,1,1934,0,1,0,1,84,16,92,1,194,272,853,1125,1320.0,3,26,611,85.2,31.6,2018
Offences Affecting the Human Body (Total),380748,1040046,580,1421374,22,515,64,7430,43933,49702,83443,7411,191919,190142,644165,834307,1026763.0,600,845,393947,81.3,27.7,2018
Offences against State - Total,640,149,1,790,0,3,6,0,6,1,48,0,55,30,36,66,124.0,0,3,660,53.2,83.5,2018
Sedition,119,70,1,190,0,0,0,0,2,0,15,0,17,11,27,38,55.0,0,3,135,69.1,71.1,2018
Others,521,79,0,600,0,3,6,0,4,1,33,0,38,19,9,28,69.0,0,0,525,40.6,87.5,2018
Offences against the State (Total),640,149,1,790,0,3,6,0,6,1,48,0,55,30,36,66,124.0,0,3,660,53.2,83.5,2018
Unlawful Assembly,5782,10133,2,15917,0,1,13,155,443,568,896,4,2066,1989,5727,7716,9783.0,9,9,6112,78.9,38.4,2018
Riots - Total,33958,57828,13,91799,0,215,2,288,1592,2597,3843,109,8429,16705,33770,50475,59119.0,71,36,32607,85.4,35.5,2018
Communal/Religious,625,512,0,1137,0,0,0,2,6,8,25,0,41,328,284,612,653.0,3,0,481,93.7,42.3,2018
Sectarian,193,209,0,402,0,0,0,0,2,11,16,0,29,66,105,171,200.0,0,0,202,85.5,50.2,2018
Industrial,113,440,0,553,0,202,0,0,13,4,17,0,34,69,115,184,420.0,0,0,133,43.8,24.1,2018
Political,1101,1495,0,2596,0,0,0,4,32,34,199,3,272,575,890,1465,1737.0,1,0,858,84.3,33.1,2018
Caste Conflict,674,656,0,1330,0,0,0,4,11,17,57,0,89,314,422,736,825.0,7,6,498,89.2,37.4,2018
Agrarian,1573,2008,0,3581,0,0,0,6,52,55,56,0,169,728,1070,1798,1967.0,4,0,1610,91.4,45.0,2018
Students,303,507,1,811,0,1,0,1,10,6,50,0,67,149,300,449,517.0,1,1,293,86.8,36.1,2018
Vigilants,0,4,0,4,0,0,0,0,1,0,0,0,1,0,3,3,4.0,0,0,0,75.0,,2018
Money Dispute,505,1439,0,1944,0,0,0,8,43,78,76,1,206,229,803,1032,1238.0,0,0,706,83.4,36.3,2018
Water Dispute,166,838,0,1004,0,0,0,4,21,24,24,0,73,96,486,582,655.0,0,0,349,88.9,34.8,2018
Land/Property Dispute,6717,12490,2,19209,0,1,0,106,320,569,353,2,1350,3864,7134,10998,12349.0,5,5,6855,89.1,35.7,2018
Family Disputes,1624,4589,0,6213,0,0,0,7,113,129,135,2,386,891,2547,3438,3824.0,1,1,2388,89.9,38.4,2018
Enmity/Rivalry,1890,4939,0,6829,0,2,0,5,153,83,98,3,342,1251,2861,4112,4456.0,11,3,2362,92.3,34.6,2018
Electricity/Power Supply Disputes,19,76,0,95,0,0,0,0,1,0,9,0,10,18,43,61,71.0,0,0,24,85.9,25.3,2018
Rioting while in Aandolan/Morcha,847,1908,1,2756,0,1,0,0,23,22,120,6,171,387,1370,1757,1929.0,3,1,824,91.1,29.9,2018
Rioting/Attacks on Police Personnel or Govt Servants,2046,1440,6,3492,0,5,0,0,17,4,312,0,333,597,650,1247,1585.0,0,2,1907,78.7,54.6,2018
Other Riots,15562,24278,3,39843,0,3,2,141,774,1553,2296,92,4856,7143,14687,21830,26689.0,35,17,13117,81.8,32.9,2018
Offences promoting enmity between different groups - Total,809,1114,1,1924,1,8,0,0,40,70,165,5,280,253,356,609,,4,0,1022,67.8,53.1,2018
Promoting enmity between groups,773,1076,1,1850,1,8,0,0,40,68,155,5,268,245,342,587,864.0,4,0,982,67.9,53.1,2018
"Imputation, assertions prejudicial to national integration",36,38,0,74,0,0,0,0,0,2,10,0,12,8,14,22,34.0,0,0,40,64.7,54.1,2018
Affray,651,7776,0,8427,0,0,0,23,5,6,35,0,69,450,5174,5624,5693.0,0,2,2734,98.8,32.4,2018
Offences against Public Tranquillity (Total),41200,76851,16,118067,1,224,15,466,2080,3241,4939,118,10844,19397,45027,64424,75493.0,84,47,42475,85.3,36.0,2018
Theft - Total,261394,625441,787,887622,138,1864,80,3078,8015,28652,463576,1775,505096,42947,105970,148917,656015.0,95,23,231432,22.7,26.1,2018
Auto/Motor Vehicle Theft,83071,233727,321,317119,33,68,23,262,3846,7646,173899,472,186125,14639,36068,50707,236933.0,7,4,80156,21.4,25.3,2018
Other Thefts,178323,391714,466,570503,105,1796,57,2816,4169,21006,289677,1303,318971,28308,69902,98210,419082.0,88,19,151276,23.43455457,26.5162497,2018
Burglary - Total,59101,99940,147,159188,14,15,8,60,2215,2856,59938,396,65465,13351,25827,39178,104672.0,7,23,54501,37.4,34.2,2018
Day Time,11329,15247,24,26600,2,3,1,15,404,312,9175,113,10019,2656,4376,7032,17056.0,4,8,9539,41.2,35.9,2018
Night,47772,84693,123,132588,12,12,7,45,1811,2544,50763,283,55446,10695,21451,32146,87616.0,3,15,44962,36.7,33.9,2018
Extortion & Blackmailing,5963,10736,1,16700,0,13,1,25,431,379,1953,31,2819,2057,5348,7405,10237.0,15,8,6447,72.3,38.6,2018
Robbery,20648,30822,31,51501,0,95,1,77,562,573,8404,62,9678,7076,15470,22546,32319.0,50,22,19131,69.8,37.1,2018
Attempt to Commit Dacoity/Robbery,233,639,0,872,0,0,0,0,5,17,94,0,116,79,438,517,633.0,0,0,239,81.7,27.4,2018
Dacoity - Total,3751,3492,10,7253,0,12,3,21,103,50,527,23,724,1281,1629,2910,3646.0,24,27,3580,79.8,49.4,2018
Dacoity,3713,3454,10,7177,0,12,3,21,103,50,523,23,720,1272,1599,2871,3603.0,24,27,3547,79.7,49.4,2018
Dacoity with Murder,38,38,0,76,0,0,0,0,0,0,4,0,4,9,30,39,43.0,0,0,33,90.7,43.4,2018
Making Preparation and Assembly for committing Dacoity,1680,3452,1,5133,0,1,0,0,3,25,41,0,69,1138,2263,3401,3471.0,0,0,1662,98.0,32.4,2018
Criminal Misappropriation,98,244,0,342,0,1,0,0,17,43,17,0,77,54,92,146,224.0,1,0,117,65.2,34.2,2018
Criminal Breach of Trust,22898,20456,2,43356,0,74,1,56,1074,1265,4963,210,7568,6523,6591,13114,20756.0,32,48,22567,63.2,52.1,2018
Dishonestly Receiving/Dealing-in Stolen Property,1587,7150,0,8737,1,18,0,6,54,33,254,0,347,1037,5295,6332,6698.0,1,0,2038,94.5,23.3,2018
Offences against Property (Total),377353,802372,979,1180704,153,2093,94,3323,12479,33893,539767,2497,591959,75543,168923,244466,838671.0,225,151,341714,29.1,28.9,2018
Counterfeiting - Total,2535,1266,4,3805,0,31,0,16,26,43,450,4,539,382,457,839,1409.0,0,0,2396,59.5,63.0,2018
Counterfeit Coin,775,8,0,783,0,0,0,0,0,0,3,0,3,6,5,11,14.0,0,0,769,78.6,98.2,2018
Counterfeiting Government Stamp,4,7,0,11,0,0,0,0,0,0,2,0,2,1,5,6,8.0,0,0,3,75.0,27.3,2018
Counterfeiting of Seal or Mark,13,18,0,31,0,0,0,0,0,2,3,0,5,5,6,11,16.0,0,0,15,68.8,48.4,2018
Counterfeit Currency & Bank notes,1743,1233,4,2980,0,31,0,16,26,41,442,4,529,370,441,811,1371.0,0,0,1609,59.2,54.0,2018
"Forgery, Cheating & Fraud - Total",130187,134546,67,264800,30,385,11,420,11572,16165,28098,421,56676,35185,33735,68920,126011.0,413,452,138365,54.7,52.3,2018
Fraud,19294,21305,1,40600,0,57,1,31,1630,2593,6593,27,10874,4246,4304,8550,19481.0,27,30,21091,43.9,51.9,2018
Bank,1559,2152,1,3712,0,3,0,1,40,60,822,4,927,254,322,576,1506.0,1,0,2205,38.2,59.4,2018
ATMs,2598,3028,0,5626,0,1,0,2,47,85,1676,2,1812,371,666,1037,2850.0,1,0,2775,36.4,49.3,2018
Credit Card/Debit Card,1292,1674,0,2966,0,2,1,6,10,65,873,0,954,133,259,392,1348.0,1,0,1616,29.1,54.5,2018
Other Frauds,13845,14451,0,28296,0,51,0,22,1533,2383,3222,21,7181,3488,3057,6545,13777.0,24,30,14495,47.5,51.2,2018
Other Cheating,97809,96652,63,194524,28,297,7,280,8096,11348,18781,373,38878,26565,24993,51558,90761.0,349,368,103407,56.8,53.2,2018
Other Forgery,13084,16589,3,29676,2,31,3,109,1846,2224,2724,21,6924,4374,4438,8812,15769.0,37,54,13867,55.9,46.7,2018
Offences Relating to Documents & Property Marks (Total),132722,135812,71,268605,30,416,11,436,11598,16208,28548,425,57215,35567,34192,69759,127420.0,413,452,140761,54.7,52.4,2018
Offences relating to Elections,303,1882,0,2185,0,6,0,0,82,41,140,2,265,205,1036,1241,1512.0,0,0,673,82.1,30.8,2018
Disobedience to order duly promulgated by Public Servant,4883,22907,1,27791,0,0,5,1,104,373,902,41,1421,2489,16869,19358,20779.0,2,33,7005,93.2,25.2,2018
Harbouring an Offender,35,71,0,106,0,0,0,0,1,2,2,0,5,11,54,65,70.0,0,0,36,92.9,34.0,2018
Offences relating to Adulteration or Sale of Food/Drugs,475,2176,0,2651,0,88,0,0,6,17,12,0,35,368,1335,1703,1826.0,1,0,824,93.3,31.1,2018
Rash Driving on Public way - Total,93905,443805,205,537915,44,23,1,155,2681,4569,30255,342,38002,54992,348706,403698,441767.0,37,67,96110,91.4,17.9,2018
Rash Driving on Public Way,11692,168139,189,180020,0,2,0,105,241,661,5087,21,6115,8024,155639,163663,169780.0,2,15,10238,96.4,5.7,2018
Causing Hurt by Rash/Negligent Driving on Public Way,51534,166954,3,218491,33,10,1,45,1476,2957,16551,221,21250,27832,114695,142527,163820.0,21,31,54649,87.0,25.0,2018
Causing Grievous Hurt by Rash/Negligent Driving on Public,30679,108712,13,139404,11,11,0,5,964,951,8617,100,10637,19136,78372,97508,108167.0,14,21,31223,90.1,22.4,2018
Obstruction on Public way,4753,99390,0,104143,0,0,0,0,64,26,97,2,189,3124,94352,97476,97665.0,5,0,6473,99.8,6.2,2018
Sale of obscene Books/Objects,79,490,0,569,0,1,0,0,2,3,15,0,20,25,410,435,456.0,0,0,113,95.4,19.9,2018
Obscene Acts and Songs at Public Places,2893,24882,0,27775,0,1,0,30,219,355,297,1,902,1729,20941,22670,23573.0,0,3,4202,96.2,15.1,2018
Offences relating to Religion,1002,1942,1,2945,0,2,0,2,92,91,349,3,537,308,814,1122,1661.0,3,2,1281,67.5,43.5,2018
Cheating by Impersonation,767,528,0,1295,0,1,0,1,50,17,256,0,324,79,207,286,611.0,0,0,684,46.8,52.8,2018
Offences related to Mischief,857,2818,0,3675,0,0,0,10,134,161,536,4,845,385,1508,1893,2738.0,3,0,934,69.1,25.4,2018
Arson,7714,9252,1,16967,0,2,0,10,354,411,3136,29,3940,1764,4104,5868,9810.0,7,14,7150,59.8,42.1,2018
Criminal Trespass,11839,40101,14,51954,0,3,0,123,3183,1931,3122,25,8384,5411,23831,29242,37629.0,40,61,14285,77.7,27.5,2018
Cruelty by Husband or his Relatives,47288,103272,11,150571,2,154,16,170,4950,5743,6476,509,17848,23883,58954,82837,100841.0,339,159,49375,82.1,32.8,2018
Circulate False/Fake News/Rumours,83,280,0,363,0,1,0,0,8,26,28,1,63,25,97,122,186.0,0,3,177,65.6,48.8,2018
Criminal Intimidation,15540,94507,1,110048,2,30,6,96,2047,1691,6376,20,10230,9191,73807,82998,93260.0,64,85,16718,89.0,15.2,2018
Insult to the Modesty of Women,4788,6992,1,11781,0,5,0,7,339,237,382,4,969,1923,4185,6108,7082.0,3,5,4696,86.2,39.9,2018
Miscellaneous IPC Crimes (Total),197204,855295,235,1052734,48,317,28,605,14316,15694,52381,983,83979,105912,651210,757122,841466.0,504,432,210736,90.0,20.0,2018
Other IPC Crimes,119858,222429,40,342327,1,189,3,526,17187,17216,26748,2168,63845,37775,130791,168566,232601.0,93,93,109630,72.5,32.0,2018
Total Cognizable IPC Crimes,1249725,3132954,1922,4384601,255,3757,221,12786,101599,135955,735874,13602,999816,464366,1674344,2138710,3142538.0,1919,2023,1239923,68.1,28.3,2018
Murder,19589,28918,46,48553,1,94,0,7,873,762,2087,229,3958,7380,16183,23563,27616.0,1,89,20936,85.3,43.1,2019
Culpable Homicide not amounting to Murder,1620,3470,14,5104,0,1,0,4,120,89,386,24,623,793,1898,2691,3315.0,3,3,1786,81.2,35.0,2019
Causing Death by Negligence,47517,144842,23,192382,21,36,0,93,1439,2849,22790,5316,32487,23891,83843,107734,140278.0,48,37,52056,76.8,27.1,2019
Deaths due to Negligence relating to Road Accidents,42405,136587,20,179012,18,35,0,40,1043,2568,21676,5208,30535,22405,79236,101641,132229.0,42,37,46741,76.9,26.1,2019
Hit and Run,11021,47530,6,58557,9,13,0,24,471,1019,11172,365,13051,4723,27333,32056,45129.0,14,0,13414,71.0,22.9,2019
Other Accidents,31384,89057,14,120455,9,22,0,16,572,1549,10504,4843,17484,17682,51903,69585,87100.0,28,37,33327,79.9,27.7,2019
Deaths due to Negligence relating to Rail Accidents,83,55,0,138,3,0,0,0,0,0,25,0,25,1,10,11,39.0,0,0,99,28.2,71.7,2019
Deaths due to Medical Negligence,158,210,0,368,0,0,0,0,26,28,48,2,104,43,65,108,212.0,2,0,154,50.9,41.8,2019
Deaths due to Negligence of Civic Bodies,46,147,0,193,0,0,0,0,16,3,42,0,61,29,35,64,125.0,0,0,68,51.2,35.2,2019
Deaths due to other Negligence,4825,7843,3,12671,0,1,0,53,354,250,999,106,1762,1413,4497,5910,7673.0,4,0,4994,77.0,39.4,2019
Dowry Deaths,3294,7115,2,10411,0,5,0,2,174,154,336,6,672,1816,4471,6287,6964.0,1,0,3446,90.3,33.1,2019
Abetment of Suicide,4597,8315,15,12927,0,17,0,10,548,210,264,16,1048,2368,4315,6683,7748.0,29,18,5150,86.3,39.8,2019
Attempt to Commit Murder,27856,51254,11,79121,1,60,0,112,979,665,2353,100,4209,13907,32103,46010,50280.0,44,26,28797,91.5,36.4,2019
Attempt to commit Culpable Homicide,3332,7766,1,11099,0,1,1,12,71,224,288,1,596,1916,5250,7166,7763.0,21,3,3314,92.3,29.9,2019
Attempt to Commit Suicide,989,1637,3,2629,0,0,0,0,118,84,79,30,311,489,801,1290,1601.0,3,0,1025,80.6,39.0,2019
"Miscarriage, Infanticide, Foeticide and Abandonment",699,1950,0,2649,0,4,0,5,44,86,1197,8,1340,131,335,466,1810.0,3,1,836,25.7,31.6,2019
Hurt,157532,545061,47,702640,9,73,3,8517,16528,17582,21462,438,64527,84706,377985,462691,527300.0,215,84,175122,87.7,24.9,2019
Simple Hurt,119832,455946,31,575809,9,64,2,8224,15266,15245,15769,258,54762,67121,316105,383226,438061.0,180,52,137566,87.5,23.9,2019
Voluntarily Causing Simple Hurt,55813,261047,9,316869,1,15,1,6557,10937,10840,9187,73,37594,28736,185266,214002,251612.0,54,14,65202,85.1,20.6,2019
Voluntarily causing hurt by Dangerous weapons or means,51231,162907,17,214155,3,23,1,1628,3592,3612,4108,147,13087,31834,110161,141995,155108.0,112,20,58934,91.5,27.5,2019
Voluntarily Causing hurt/Force to deter public servant from his duty,6472,16781,2,23255,0,7,0,24,473,388,686,14,1585,3780,11037,14817,16409.0,7,14,6839,90.3,29.4,2019
Causing Hurt by act endangering life/safety of others,3212,9496,0,12708,5,2,0,6,126,93,994,14,1233,1447,6619,8066,9306.0,4,1,3398,86.7,26.7,2019
Other Simple Hurt,3104,5715,3,8822,0,17,0,9,138,312,794,10,1263,1324,3022,4346,5626.0,3,3,3193,77.2,36.2,2019
Grievous Hurt,37700,89115,16,126831,0,9,1,293,1262,2337,5693,180,9765,17585,61880,79465,89239.0,35,32,37556,89.0,29.6,2019
Voluntarily causing grievous hurt,23130,61685,1,84816,0,3,1,227,781,1814,3464,109,6395,11126,44308,55434,61832.0,22,5,22961,89.7,27.1,2019
Voluntarily causing grievous hurt by dangerous weapons or means,11943,20373,13,32329,0,5,0,55,355,364,1613,65,2452,5412,13320,18732,21189.0,12,15,11128,88.4,34.4,2019
Acid Attack,118,240,0,358,0,0,0,2,7,4,23,1,37,52,147,199,236.0,1,0,121,84.3,33.8,2019
Attempt to Acid Attack,43,60,0,103,0,0,0,0,0,0,6,1,7,12,32,44,51.0,0,0,52,86.3,50.5,2019
Voluntarily Causing Grievous hurt/Force to deter public servant from his duty,740,1742,0,2482,0,0,0,0,34,51,112,0,197,313,1148,1461,1658.0,0,1,824,88.1,33.2,2019
Causing Grievous Hurt by act endangering life/safety of others,1120,3979,2,5101,0,1,0,0,80,80,268,4,432,574,2404,2978,3411.0,0,11,1690,87.3,33.1,2019
Other Grievous Hurt,606,1036,0,1642,0,0,0,9,5,24,207,0,245,96,521,617,862.0,0,0,780,71.6,47.5,2019
Wrongful Restraint/Confinement,6127,18683,3,24813,0,2,0,47,5347,635,1846,51,7926,2003,8554,10557,18485.0,3,0,6325,57.1,25.5,2019
Assault on Women with Intent to Outrage her Modesty,33804,88367,19,122190,2,48,0,173,6288,2378,4615,175,13629,19001,54333,73334,87013.0,89,39,35088,84.3,28.7,2019
Assault on Women with Intent to Outrage her Modesty,18454,48586,12,67052,1,25,0,101,4170,1383,2153,83,7890,10823,30211,41034,48950.0,56,30,18046,83.8,26.9,2019
Sexual Harassment,6992,18334,4,25330,0,10,0,47,1086,486,1068,18,2705,3780,11574,15354,18069.0,17,6,7244,85.0,28.6,2019
at Work or Office Premises,271,505,1,777,0,0,0,1,20,6,76,0,103,102,329,431,534.0,1,0,242,80.7,31.1,2019
In Public Transport System,224,606,1,831,0,3,0,0,8,12,32,0,52,133,423,556,611.0,0,0,220,91.0,26.5,2019
In Shelter Homes for women and Children,209,473,0,682,0,0,0,0,18,4,14,1,37,76,312,388,425.0,1,0,256,91.3,37.5,2019
Other Places,6288,16750,2,23040,0,7,0,46,1040,464,946,17,2513,3469,10510,13979,16499.0,15,6,6526,84.7,28.3,2019
Assault or use of Criminal Force on women with intent to Disrobe,3778,11238,0,15016,0,2,0,12,605,305,846,27,1795,2075,6553,8628,10425.0,4,2,4587,82.8,30.5,2019
Voyeurism,572,1319,0,1891,0,0,0,1,58,38,60,21,178,308,699,1007,1185.0,2,1,704,85.0,37.2,2019
Stalking,4008,8890,3,12901,1,11,0,12,369,166,488,26,1061,2015,5296,7311,8384.0,10,0,4507,87.2,34.9,2019
Kidnapping and Abduction,68122,105037,86,173245,3,86,1,215,17602,26523,18616,893,63849,12264,25710,37974,101912.0,66,53,71266,37.3,41.1,2019
Kidnapping and Abduction,32549,56591,62,89202,3,60,1,165,9929,18057,9386,578,38115,4219,10940,15159,53337.0,22,10,35842,28.4,40.2,2019
Missing Children Deemed as Kidnapped,12130,28370,1,40501,2,23,1,134,5817,10849,3376,300,20476,1312,3936,5248,25749.0,3,0,14748,20.4,36.4,2019
Other Kidnapping & Abduction,20419,28221,61,48701,1,37,0,31,4112,7208,6010,278,17639,2907,7004,9911,27588.0,19,10,21094,35.9,43.3,2019
Kidnapping and Abduction for the Purpose of Begging,28,42,0,70,0,0,0,0,2,1,2,4,9,6,21,27,36.0,0,0,34,75.0,48.6,2019
Kidnapping and Abduction in order to Murder,675,649,0,1324,0,3,0,0,49,42,235,0,326,118,186,304,633.0,0,0,691,48.0,52.2,2019
Kidnapping for Ransom,579,580,2,1161,0,3,0,1,41,41,69,0,152,154,293,447,602.0,3,1,556,74.3,47.9,2019
Kidnapping and Abduction of Women to compel her for marriage,22602,32260,9,54871,0,5,0,43,4478,5695,7034,94,17344,5325,10002,15327,32676.0,14,40,22181,46.9,40.4,2019
Procuration of Minor Girls,2655,3117,0,5772,0,1,0,0,634,388,326,15,1363,555,914,1469,2833.0,3,0,2936,51.9,50.9,2019
Importation of Girls from Foreign Country,9,3,0,12,0,0,0,0,0,0,0,0,0,0,1,1,1.0,0,0,11,100.0,91.7,2019
Other Kidnapping & Abduction,9025,11795,13,20833,0,14,0,6,2469,2299,1564,202,6540,1887,3353,5240,11794.0,24,2,9015,44.4,43.3,2019
Human Trafficking,1069,1334,9,2412,0,4,0,1,24,55,60,22,162,405,618,1023,1189.0,2,1,1221,86.0,50.6,2019
Exploitation of Trafficked Person,130,183,0,313,0,0,0,0,2,0,5,0,7,61,89,150,157.0,0,0,156,95.5,49.8,2019
Selling of Minors for Prostitution,124,24,0,148,0,0,0,0,1,5,6,0,12,16,14,30,42.0,0,0,106,71.4,71.6,2019
Buying of Minors for Prostitution,32,8,0,40,0,0,0,0,0,2,1,0,3,0,3,3,6.0,0,0,34,50.0,85.0,2019
Rape,13480,32033,23,45536,1,117,1,39,3652,622,1127,64,5504,6605,18243,24848,30470.0,104,35,14961,81.5,32.9,2019
Attempt to Commit Rape,1836,3944,1,5781,0,3,0,3,718,96,266,15,1098,833,2102,2935,4036.0,0,0,1745,72.7,30.2,2019
Unnatural Offences,599,1004,0,1603,0,1,1,1,79,17,43,0,140,297,662,959,1100.0,3,0,499,87.2,31.1,2019
Offences Affecting the Human Body (Total),392348,1050945,303,1443596,38,552,7,9241,54607,53038,77827,7388,202101,178882,637512,816394,1019085.0,635,389,423869,80.1,29.4,2019
Offences against State,660,166,1,827,0,4,0,0,7,7,57,0,71,38,47,85,160.0,0,0,667,53.1,80.7,2019
Sedition,135,93,1,229,0,1,0,0,2,6,21,0,29,11,29,40,70.0,0,0,159,57.1,69.4,2019
Others,525,73,0,598,0,3,0,0,5,1,36,0,42,27,18,45,90.0,0,0,508,50.0,84.9,2019
Offences against the State (Total),660,166,1,827,0,4,0,0,7,7,57,0,71,38,47,85,160.0,0,0,667,53.1,80.7,2019
Unlawful Assembly,6150,8889,1,15040,0,0,8,53,619,334,842,7,1855,1767,5165,6932,8787.0,44,6,6201,78.9,41.2,2019
Riots,32733,46209,62,79004,1,20,1,360,1654,1722,2699,50,6485,16011,26718,42729,49235.0,45,27,29723,86.8,37.6,2019
Communal/Religious,490,440,0,930,0,0,0,0,9,24,37,2,72,200,214,414,486.0,0,2,444,85.2,47.7,2019
Sectarian,171,118,0,289,0,0,0,0,1,0,15,0,16,29,75,104,120.0,2,0,167,86.7,57.8,2019
Industrial,133,273,0,406,0,0,0,0,8,18,11,0,37,81,202,283,320.0,0,0,86,88.4,21.2,2019
Political,867,1209,5,2081,0,0,0,1,27,40,79,0,147,375,763,1138,1285.0,3,0,793,88.6,38.1,2019
Caste Conflict,464,492,0,956,0,0,0,5,14,19,11,0,49,190,264,454,503.0,0,3,453,90.3,47.4,2019
Agrarian,1541,1579,0,3120,0,0,0,16,61,55,15,0,147,637,1052,1689,1836.0,1,2,1283,92.0,41.1,2019
Students,297,391,1,689,0,0,0,0,22,27,31,0,80,152,185,337,417.0,0,0,272,80.8,39.5,2019
Money Dispute,589,961,0,1550,0,1,0,6,55,41,17,6,125,300,553,853,979.0,1,0,570,87.1,36.8,2019
Water Dispute,349,793,0,1142,0,0,0,2,34,17,1,0,54,219,424,643,697.0,0,0,445,92.3,39.0,2019
Land/Property Dispute,6859,8880,0,15739,0,1,0,52,483,723,219,6,1483,3651,4881,8532,10016.0,0,4,5723,85.2,36.4,2019
Family Disputes,2440,3479,0,5919,0,0,0,45,187,184,153,2,571,1214,2003,3217,3788.0,1,1,2130,84.9,36.0,2019
Enmity/Rivalry,2340,4431,3,6774,0,1,0,15,138,103,143,1,400,1292,2464,3756,4157.0,8,1,2609,90.4,38.5,2019
Electricity/Power Supply Disputes,23,37,0,60,0,0,0,0,0,0,6,0,6,15,15,30,36.0,0,0,24,83.3,40.0,2019
Rioting while in Aandolan/Morcha,824,1442,0,2266,0,0,0,0,12,15,130,0,157,494,1005,1499,1656.0,2,1,608,90.5,26.8,2019
Rioting/Attacks on Police Personnel or Govt Servants,1901,1044,4,2949,0,2,0,1,8,10,160,0,179,581,566,1147,1328.0,0,0,1621,86.4,55.0,2019
Other Riots,13445,20640,49,34134,1,15,1,217,595,446,1671,33,2962,6581,12052,18633,21611.0,27,13,12495,86.2,36.6,2019
Offences promoting enmity between different groups,1009,1113,1,2123,0,4,0,3,50,60,168,2,283,234,340,574,861.0,3,3,1259,66.7,59.3,2019
Promoting enmity between groups,971,1055,1,2027,0,4,0,3,44,58,154,2,261,230,310,540,805.0,3,3,1219,67.1,60.1,2019
"Imputation, assertions prejudicial to national integration",38,58,0,96,0,0,0,0,6,2,14,0,22,4,30,34,56.0,0,0,40,60.7,41.7,2019
Affray,2734,7148,1,9883,0,0,0,0,6,7,10,0,23,2520,5474,7994,8017.0,0,40,1866,99.7,18.9,2019
Offences against Public Tranquillity (Total),42626,63359,65,106050,1,24,9,416,2329,2123,3719,59,8646,20532,37697,58229,66900.0,92,76,39049,87.0,36.8,2019
Theft,233853,675916,1171,910940,106,1865,0,423,7686,42281,473993,4291,528674,44734,105661,150395,681040.0,727,25,229173,22.1,25.2,2019
Auto/Motor Vehicle Theft,80487,237884,518,318889,9,53,0,248,3820,9851,170372,819,185110,14701,36429,51130,236302.0,301,2,82286,21.6,25.8,2019
Other Thefts,153366,438032,653,592051,97,1812,0,175,3866,32430,303621,3472,343564,30033,69232,99265,444738.0,426,23,146887,22.3,24.8,2019
Burglary,54645,100897,201,155743,10,6,2,130,1719,2974,55123,412,60358,12667,25614,38281,98655.0,140,15,56946,38.8,36.6,2019
Day Time,9532,14805,39,24376,0,2,0,9,206,281,8115,84,8695,2131,4033,6164,14861.0,77,5,9438,41.5,38.7,2019
Night,45113,86092,162,131367,10,4,2,121,1513,2693,47008,328,51663,10536,21581,32117,83794.0,63,10,47508,38.3,36.2,2019
Extortion & Blackmailing,6380,11067,5,17452,0,5,0,31,614,515,1571,31,2762,2427,4997,7424,10191.0,30,7,7231,72.8,41.4,2019
Robbery,19217,31065,26,50308,1,112,1,64,517,765,6881,83,8310,6930,14125,21055,29478.0,56,16,20773,71.4,41.3,2019
Attempt to Commit Dacoity/Robbery,233,596,3,832,1,0,0,0,5,16,63,0,84,71,387,458,543.0,0,0,289,84.3,34.7,2019
Dacoity,3597,3176,5,6778,0,8,0,22,125,112,546,12,817,1266,1372,2638,3463.0,28,13,3287,76.2,48.5,2019
Dacoity,3563,3132,5,6700,0,8,0,22,124,112,541,12,811,1253,1342,2595,3414.0,27,13,3259,76.0,48.6,2019
Dacoity with Murder,34,44,0,78,0,0,0,0,1,0,5,0,6,13,30,43,49.0,1,0,28,87.8,35.9,2019
Making Preparation and Assembly for committing Dacoity,1752,3338,3,5093,0,0,0,1,0,27,41,1,70,1171,2208,3379,3449.0,0,0,1644,98.0,32.3,2019
Criminal Misappropriation,144,497,0,641,0,1,0,0,13,12,128,3,156,52,191,243,400.0,4,0,237,60.8,37.0,2019
Criminal Breach of Trust,22773,20833,12,43618,3,36,1,24,1047,1365,4696,27,7159,6221,6930,13151,20349.0,15,47,23253,64.6,53.3,2019
Dishonestly Receiving/Dealing-in Stolen Property,2037,7233,1,9271,0,13,0,15,44,53,250,0,362,1228,5698,6926,7301.0,0,0,1970,94.9,21.2,2019
Offences against Property (Total),344631,854618,1427,1200676,121,2046,4,710,11770,48120,543292,4860,608752,76767,167183,243950,854869.0,1000,123,344803,28.5,28.7,2019
Counterfeiting,2437,1040,4,3481,0,36,0,1,7,16,326,0,350,310,442,752,1138.0,2,0,2341,66.1,67.3,2019
Counterfeit Coin,771,20,0,791,0,0,0,0,0,0,7,0,7,4,8,12,19.0,0,0,772,63.2,97.6,2019
Counterfeiting Government Stamp,3,7,0,10,0,1,0,0,0,0,0,0,0,0,4,4,5.0,0,0,5,80.0,50.0,2019
Counterfeiting of Seal or Mark,15,3,0,18,0,0,0,0,0,0,0,0,0,1,2,3,3.0,0,0,15,100.0,83.3,2019
Counterfeit Currency & Bank notes,1648,1010,4,2662,0,35,0,1,7,16,319,0,343,305,428,733,1111.0,2,0,1549,66.0,58.2,2019
"Forgery, Cheating & Fraud",140244,143909,134,284287,16,597,8,224,14269,15494,28629,375,58991,35963,33066,69029,128633.0,328,395,155318,53.7,54.6,2019
Fraud,21262,23383,9,44654,3,42,2,38,1790,2345,7182,38,11393,3859,4311,8170,19608.0,103,46,24941,41.7,55.9,2019
Bank,2193,2271,0,4464,0,3,0,0,68,84,866,2,1020,203,310,513,1536.0,11,0,2917,33.4,65.3,2019
ATMs,2768,3692,0,6460,1,1,0,0,201,127,1693,0,2021,335,675,1010,3033.0,27,0,3400,33.3,52.6,2019
Credit Card/Debit Card,1608,1822,0,3430,1,1,0,0,34,62,903,2,1001,157,194,351,1354.0,7,0,2069,25.9,60.3,2019
Other Frauds,14693,15598,9,30300,1,37,2,38,1487,2072,3720,34,7351,3164,3132,6296,13685.0,58,46,16555,46.0,54.6,2019
Other Cheating,105082,104332,118,209532,12,530,5,154,10340,11061,19138,317,41010,27419,24628,52047,93599.0,209,313,115719,55.6,55.2,2019
Other Forgery,13900,16194,7,30101,1,25,1,32,2139,2088,2309,20,6588,4685,4127,8812,15426.0,16,36,14658,57.1,48.7,2019
Offences Relating to Documents & Property Marks (Total),142681,144949,138,287768,16,633,8,225,14276,15510,28955,375,59341,36273,33508,69781,129771.0,330,395,157659,53.8,54.8,2019
Offences relating to Elections,659,5545,0,6204,0,2,2,0,34,60,125,2,221,439,4374,4813,5036.0,2,1,1164,95.6,18.8,2019
Disobedience to order duly promulgated by Public Servant,6910,29496,0,36406,0,1,0,4,134,133,904,28,1203,3178,22657,25835,27039.0,17,6,9350,95.5,25.7,2019
Harbouring an Offender,36,81,0,117,0,0,0,0,4,1,0,0,5,18,58,76,81.0,0,0,36,93.8,30.8,2019
Offences relating to Adulteration or Sale of Food/Drugs,819,2959,2,3780,0,0,5,0,3,41,20,0,64,508,2036,2544,2608.0,10,13,1157,97.5,30.6,2019
Rash Driving on Public way,97985,417024,16,515025,25,20,1,96,2510,4596,27878,373,35453,55743,319116,374859,410357.0,67,55,104600,91.3,20.3,2019
Rash Driving on Public Way ,10249,144059,5,154313,4,3,0,8,199,586,3578,18,4389,6580,131095,137675,142071.0,12,13,12230,96.9,7.9,2019
Causing Hurt by Rash/Negligent Driving on Public Way ,55619,160794,5,216418,15,14,0,43,1544,2980,14932,203,19702,30140,107567,137707,157438.0,27,15,58953,87.5,27.2,2019
Causing Grievous Hurt by Rash/Negligent Driving on Public ,32117,112171,6,144294,6,3,1,45,767,1030,9368,152,11362,19023,80454,99477,110848.0,28,27,33417,89.7,23.2,2019
Obstruction on Public way,6520,93343,0,99863,0,0,1,0,19,29,138,3,189,4857,88773,93630,93819.0,0,1,6043,99.8,6.1,2019
Sale of obscene Books/Objects,113,108,0,221,0,0,0,0,1,3,10,2,16,18,54,72,88.0,0,0,133,81.8,60.2,2019
Obscene Acts and Songs at Public Places,4198,24708,0,28906,0,4,0,37,171,318,415,2,943,2871,20772,23643,24590.0,1,1,4315,96.1,14.9,2019
Offences relating to Religion,1273,1459,4,2736,0,2,0,0,59,75,295,1,430,360,547,907,1339.0,9,2,1388,67.7,50.7,2019
Cheating by Impersonation,666,775,0,1441,0,0,0,1,17,9,137,0,164,118,469,587,751.0,2,1,688,78.2,47.7,2019
Offences related to Mischief,936,2679,0,3615,0,3,0,4,103,120,427,3,657,411,1352,1763,2423.0,7,0,1185,72.8,32.8,2019
Arson,7103,8420,12,15535,2,2,0,9,392,467,2829,39,3736,1654,3574,5228,8968.0,14,8,6553,58.3,42.2,2019
Criminal Trespass,14246,39477,15,53738,1,4,1,127,3609,1929,2944,17,8626,7160,23534,30694,39325.0,24,36,14388,78.1,26.8,2019
Cruelty by Husband or his Relatives,47789,125298,25,173112,2,185,5,63,7606,6939,6926,254,21788,23841,72671,96512,118487.0,178,112,54442,81.5,31.4,2019
Circulate False/Fake News/Rumours,172,476,0,648,0,1,0,1,13,11,58,0,83,56,207,263,347.0,1,0,300,75.8,46.3,2019
Criminal Intimidation,16621,101422,2,118045,0,19,0,39,1828,1882,5322,11,9082,9072,80446,89518,98619.0,76,90,19350,90.8,16.4,2019
Insult to the Modesty of Women,4472,6939,2,11413,0,5,0,8,425,178,407,0,1018,1909,3931,5840,6863.0,1,3,4549,85.1,39.9,2019
Miscellaneous IPC Crimes(Total),210518,860209,78,1070805,30,248,15,389,16928,16791,48835,735,83678,112213,644571,756784,840740.0,409,329,229641,90.0,21.4,2019
Other IPC crimes,109363,251455,138,360956,1,166,10,496,21828,15480,30618,1508,69930,36465,142236,178701,248798.0,98,41,112050,71.8,31.0,2019
Total Cognizable IPC crimes,1242827,3225701,2150,4470678,207,3673,53,11477,121745,151069,733303,14925,1032519,461170,1662754,2123924,3160323.0,2564,1353,1307738,67.2,29.3,2019
Murder,21023,29193,42,50258,4,70,0,18,834,636,2331,230,4049,7198,16817,24015,28138.0,2,3,22118,85.3,44.0,2020
Culpable Homicide not amounting to Murder,1782,3512,4,5298,0,9,0,3,95,67,298,33,496,860,2120,2980,3485.0,2,6,1811,85.5,34.2,2020
Causing Death by Negligence,52520,126779,193,179492,19,27,0,177,1129,2187,20993,4732,29218,24012,67903,91915,121179.0,307,224,58006,75.9,32.3,2020
Deaths due to Negligence relating to Road Accidents,47199,120176,113,167488,19,24,0,144,857,1926,20011,4570,27508,22371,64446,86817,114368.0,305,220,52815,75.9,31.5,2020
Hit and Run,13384,41196,82,54662,6,7,0,97,148,702,11368,446,12761,5455,22871,28326,41100.0,2,2,13560,68.9,24.8,2020
Other Accidents,33815,78980,31,112826,13,17,0,47,709,1224,8643,4124,14747,16916,41575,58491,73268.0,303,218,39255,79.8,34.8,2020
Deaths due to Negligence relating to Rail Accidents,99,52,0,151,0,0,0,0,0,0,14,2,16,0,21,21,37.0,0,0,114,56.8,75.5,2020
Deaths due to Medical Negligence,155,133,1,289,0,0,0,0,14,39,26,7,86,36,25,61,147.0,1,0,141,41.5,48.8,2020
Deaths due to Negligence of Civic Bodies,68,51,0,119,0,0,0,0,6,4,5,0,15,10,19,29,44.0,0,0,75,65.9,63.0,2020
Deaths due to other Negligence,4999,6367,79,11445,0,3,0,33,252,218,937,153,1593,1595,3392,4987,6583.0,1,4,4861,75.8,42.5,2020
Dowry Deaths,3452,6966,3,10421,0,7,0,10,218,170,250,6,654,1720,4389,6109,6770.0,0,0,3651,90.2,35.0,2020
Abetment of Suicide,5173,8816,21,14010,2,19,2,2,556,214,327,32,1131,2309,4482,6791,7943.0,21,16,6044,85.5,43.1,2020
Attempt to Commit Murder,29712,57831,24,87567,1,39,3,106,1109,1115,2061,70,4461,13656,33535,47191,51692.0,50,37,35822,91.3,40.9,2020
Attempt to commit Culpable Homicide,3405,9196,2,12603,0,0,0,5,125,72,297,5,504,1662,6450,8112,8616.0,12,3,3975,94.2,31.5,2020
Attempt to Commit Suicide,1027,1685,0,2712,0,0,0,5,157,61,88,7,318,375,655,1030,1348.0,0,0,1364,76.4,50.3,2020
"Miscarriage, Infanticide, Foeticide and Abandonment",845,1634,2,2481,0,0,0,5,37,76,1055,6,1179,127,280,407,1586.0,0,1,895,25.7,36.1,2020
Hurt,188892,578641,229,767762,1,51,13,3795,14551,18680,22606,966,60598,93896,379926,473822,534472.0,138,58,233139,88.7,30.4,2020
Simple Hurt,151172,488014,40,639226,1,32,12,3337,13378,16522,17886,657,51780,78532,321034,399566,451379.0,110,50,187725,88.5,29.4,2020
Voluntarily Causing Simple Hurt,75742,282268,10,358020,1,11,0,2363,9414,13332,11858,396,37363,36487,189158,225645,263020.0,21,7,94979,85.8,26.5,2020
Voluntarily causing hurt by Dangerous weapons or means,62049,172080,22,234151,0,15,8,906,3078,2556,4144,158,10842,36171,109633,145804,156661.0,75,17,77407,93.1,33.1,2020
Voluntarily Causing hurt/Force to deter public servant from his duty,6830,15418,5,22253,0,3,0,36,450,213,396,21,1116,3677,9655,13332,14451.0,7,17,7795,92.3,35.0,2020
Causing Hurt by act endangering life/safety of others,3370,11007,0,14377,0,1,0,7,332,152,1024,57,1572,1184,7635,8819,10392.0,3,3,3982,84.9,27.7,2020
Other Simple Hurt,3181,7241,3,10425,0,2,4,25,104,269,464,25,887,1013,4953,5966,6855.0,4,6,3562,87.0,34.2,2020
Grievous Hurt,37720,90627,189,128536,0,19,1,458,1173,2158,4720,309,8818,15364,58892,74256,83093.0,28,8,45414,89.4,35.3,2020
Voluntarily causing grievous hurt,23582,65976,23,89581,0,10,0,426,842,1757,3293,153,6471,9679,43564,53243,59724.0,10,4,29847,89.1,33.3,2020
Voluntarily causing grievous hurt by dangerous weapons or means,10671,19307,35,30013,0,7,1,30,238,349,972,128,1717,4249,12152,16401,18125.0,16,2,11871,90.5,39.6,2020
Acid Attack,121,182,0,303,0,0,0,0,11,2,14,1,28,51,118,169,197.0,0,0,106,85.8,35.0,2020
Attempt to Acid Attack,49,60,0,109,0,0,0,0,2,0,4,0,6,12,30,42,48.0,1,0,60,87.5,55.0,2020
Voluntarily Causing Grievous hurt/Force to deter public servant from his duty,818,1566,0,2384,0,0,0,1,27,11,141,4,184,405,966,1371,1555.0,1,1,828,88.2,34.7,2020
Causing Grievous Hurt by act endangering life/safety of others,1689,2514,131,4334,0,2,0,1,40,27,181,10,259,868,1469,2337,2598.0,0,1,1736,90.0,40.1,2020
Other Grievous Hurt,790,1022,0,1812,0,0,0,0,13,12,115,13,153,100,593,693,846.0,0,0,966,81.9,53.3,2020
Wrongful Restraint/Confinement,6251,19061,8,25320,0,4,0,21,5431,495,1806,22,7775,2653,8604,11257,19036.0,3,1,6281,59.1,24.8,2020
Assault on Women with Intent to Outrage her Modesty,35294,85392,14,120700,0,38,1,253,5821,2317,3848,187,12426,20026,53584,73610,86074.0,38,39,34587,85.5,28.7,2020
Assault on Women with Intent to Outrage her Modesty,18182,48037,10,66229,0,24,0,152,3830,1391,1850,104,7327,10782,30287,41069,48420.0,17,25,17792,84.8,26.9,2020
Sexual Harassment,7235,17003,0,24238,0,6,1,51,1018,381,865,32,2347,3952,11013,14965,17318.0,17,7,6902,86.4,28.5,2020
at Work or Office Premises,243,485,0,728,0,0,0,6,30,7,49,0,92,115,304,419,511.0,3,4,214,82.0,29.4,2020
In Public Transport System,220,375,0,595,0,1,0,1,15,7,17,1,41,110,251,361,403.0,1,0,191,89.6,32.1,2020
In Shelter Homes for women and Children,256,407,0,663,0,0,0,2,22,4,7,0,35,75,286,361,396.0,2,0,265,91.2,40.0,2020
Other Places,6516,15736,0,22252,0,5,1,42,951,363,792,31,2179,3652,10172,13824,16008.0,11,3,6232,86.4,28.0,2020
Assault or use of Criminal Force on women with intent to Disrobe,4618,10580,0,15198,0,2,0,38,558,352,693,7,1648,2779,6530,9309,10959.0,2,2,4237,84.9,27.9,2020
Voyeurism,729,1260,0,1989,0,0,0,2,51,30,63,17,163,319,720,1039,1202.0,1,1,786,86.4,39.5,2020
Stalking,4530,8512,4,13046,0,6,0,10,364,163,377,27,941,2194,5034,7228,8175.0,1,4,4870,88.4,37.3,2020
Kidnapping and Abduction,71523,84805,30,156358,1,49,14,348,12790,26323,14001,367,53829,11035,21046,32081,85960.0,75,40,70309,37.3,45.0,2020
Kidnapping and Abduction,35736,45027,7,80770,0,34,11,205,7110,19088,7057,235,33695,4387,8726,13113,46842.0,54,6,33863,28.0,41.9,2020
Missing Children Deemed as Kidnapped,14917,21248,3,36168,0,16,7,75,4468,10425,2712,127,17807,1293,2874,4167,21990.0,17,0,14154,18.9,39.1,2020
Other Kidnapping & Abduction,20819,23779,4,44602,0,18,4,130,2642,8663,4345,108,15888,3094,5852,8946,24852.0,37,6,19709,36.0,44.2,2020
Kidnapping and Abduction for the Purpose of Begging,34,44,0,78,0,0,0,0,3,1,14,5,23,5,8,13,36.0,0,0,42,36.1,53.8,2020
Kidnapping and Abduction in order to Murder,688,472,0,1160,1,2,0,1,33,29,202,0,265,133,141,274,542.0,0,0,618,50.6,53.3,2020
Kidnapping for Ransom,566,485,1,1052,0,4,1,0,26,30,72,0,128,105,231,336,468.0,1,2,582,71.8,55.3,2020
Kidnapping and Abduction of Women to compel her for marriage,22039,24745,11,46795,0,3,1,139,3109,4301,5006,48,12603,4167,7701,11868,24474.0,7,29,22313,48.5,47.7,2020
Procuration of Minor Girls,2881,2471,1,5353,0,1,0,0,627,277,327,9,1240,478,703,1181,2422.0,0,0,2931,48.8,54.8,2020
Importation of Girls from Foreign Country,11,1,0,12,0,0,0,0,0,4,0,0,4,4,0,4,8.0,0,0,4,50.0,33.3,2020
Other Kidnapping & Abduction,9568,11560,10,21138,0,5,1,3,1882,2593,1323,70,5871,1756,3536,5292,11168.0,13,3,9956,47.4,47.1,2020
Human Trafficking,1233,947,2,2182,0,3,0,0,16,60,54,7,137,525,480,1005,1145.0,0,0,1037,87.8,47.5,2020
Exploitation of Trafficked Person,159,130,0,289,0,0,0,0,2,3,2,0,7,29,49,78,85.0,0,0,204,91.8,70.6,2020
Selling of Minors for Prostitution,82,14,0,96,0,0,0,0,1,1,5,0,7,8,6,14,21.0,0,0,75,66.7,78.1,2020
Buying of Minors for Prostitution,27,1,0,28,0,0,0,0,0,2,0,0,2,6,1,7,9.0,0,0,19,77.8,67.9,2020
Rape,15097,28046,53,43196,0,100,2,48,3375,571,987,34,5015,7161,16532,23693,28808.0,38,34,14348,82.2,33.2,2020
Attempt to Commit Rape,1796,3741,1,5538,0,3,0,6,631,90,212,6,945,816,1980,2796,3744.0,0,2,1794,74.7,32.4,2020
Unnatural Offences,495,826,0,1321,0,0,0,1,64,11,52,1,129,244,526,770,899.0,2,0,420,85.7,31.8,2020
Offences Affecting the Human Body (Total),439788,1047216,628,1487632,28,419,35,4803,46942,53151,71273,6711,182880,188318,619365,807683,991010.0,688,464,495899,81.5,33.3,2020
Offences against State,664,172,0,836,0,2,0,0,2,5,26,0,33,41,20,61,96.0,1,0,739,63.5,88.4,2020
Sedition,157,73,0,230,0,1,0,0,1,5,10,0,16,9,14,23,40.0,1,0,189,57.5,82.2,2020
Others,507,99,0,606,0,1,0,0,1,0,16,0,17,32,6,38,56.0,0,0,550,67.9,90.8,2020
Offences against the State (Total),664,172,0,836,0,2,0,0,2,5,26,0,33,41,20,61,96.0,1,0,739,63.5,88.4,2020
Unlawful Assembly,6205,12220,4,18429,0,0,1,29,638,347,451,4,1469,1663,7096,8759,10228.0,8,1,8192,85.6,44.5,2020
Riots,30223,51606,17,81846,0,23,25,317,1552,1275,2013,45,5202,13495,29568,43063,48288.0,47,43,33486,89.2,40.9,2020
Communal/Religious,448,857,0,1305,0,0,4,0,12,14,27,2,55,151,341,492,547.0,1,0,753,89.9,57.7,2020
Sectarian,167,167,0,334,0,0,0,0,3,11,18,0,32,20,58,78,110.0,0,0,224,70.9,67.1,2020
Industrial,86,192,0,278,0,0,0,0,13,4,17,0,34,43,117,160,194.0,0,0,84,82.5,30.2,2020
Political,800,1032,0,1832,0,0,2,1,16,11,71,1,100,289,402,691,791.0,1,0,1038,87.4,56.7,2020
Caste Conflict,456,736,0,1192,0,0,0,0,33,16,25,0,74,170,491,661,735.0,2,4,455,89.9,38.2,2020
Agrarian,1283,2188,0,3471,0,0,0,23,50,162,30,0,265,511,1079,1590,1855.0,0,5,1616,85.7,46.6,2020
Students,274,233,0,507,0,0,0,0,16,2,18,0,36,116,127,243,279.0,1,0,227,87.1,44.8,2020
Money Dispute,576,1032,0,1608,0,0,0,4,36,12,11,2,65,264,563,827,892.0,2,3,714,92.7,44.4,2020
Water Dispute,445,807,0,1252,0,0,0,2,7,5,1,0,15,176,480,656,671.0,1,1,580,97.8,46.3,2020
Land/Property Dispute,6058,10652,0,16710,0,0,15,73,484,504,343,3,1407,2510,5086,7596,9003.0,4,7,7688,84.4,46.0,2020
Family Disputes,2136,5063,1,7200,0,0,0,30,203,96,109,4,442,1229,2965,4194,4636.0,0,1,2564,90.5,35.6,2020
Enmity/Rivalry,2615,4338,1,6954,0,3,0,6,157,52,96,2,313,1265,2606,3871,4187.0,3,3,2764,92.5,39.7,2020
Electricity/Power Supply Disputes,23,22,0,45,0,0,0,0,0,0,1,0,1,8,16,24,25.0,0,0,20,96.0,44.4,2020
Rioting while in Aandolan/Morcha,606,1905,0,2511,0,6,0,0,17,15,34,0,66,243,1621,1864,1936.0,2,1,573,96.3,22.8,2020
Rioting/Attacks on Police Personnel or Govt Servants,1646,616,5,2267,0,0,0,0,0,3,56,0,59,274,311,585,644.0,0,0,1623,90.8,71.6,2020
Other Riots,12604,21766,10,34380,0,14,4,178,505,368,1156,31,2238,6226,13305,19531,21783.0,30,18,12563,89.7,36.5,2020
Offences promoting enmity between different groups,1255,1886,5,3146,0,5,2,0,40,83,174,4,301,302,509,811,1117.0,5,2,2022,72.6,64.3,2020
Promoting enmity between groups,1217,1804,5,3026,0,5,2,0,37,81,170,4,292,292,486,778,1075.0,5,1,1944,72.4,64.2,2020
"Imputation, assertions prejudicial to national integration",38,82,0,120,0,0,0,0,3,2,4,0,9,10,23,33,42.0,0,1,78,78.6,65.0,2020
Affray,1866,5395,0,7261,0,0,0,0,7,10,5,9,31,1607,3900,5507,5538.0,0,7,1723,99.4,23.7,2020
Offences against Public Tranquility (Total),39549,71107,26,110682,0,28,28,346,2237,1715,2643,62,7003,17067,41073,58140,65171.0,60,53,45423,89.2,41.0,2020
Theft,230344,493172,1073,724589,64,575,5,572,4931,44422,332763,506,383194,40440,83298,123738,507571.0,360,37,216653,24.4,29.9,2020
Auto/Motor Vehicle Theft,82057,194797,218,277072,8,63,1,405,1997,8895,130347,261,141905,14893,32175,47068,189044.0,42,22,87985,24.9,31.8,2020
Other Thefts,148287,298375,855,447517,56,512,4,167,2934,35527,202416,245,241289,25547,51123,76670,318527.0,318,15,128668,24.1,28.8,2020
Burglary,57271,86223,142,143636,7,5,2,92,1505,2294,49106,336,53333,11483,23309,34792,88137.0,9,11,55488,39.5,38.6,2020
Day Time,9434,10499,54,19987,0,0,1,0,174,261,6116,119,6670,1933,2975,4908,11578.0,4,0,8404,42.4,42.0,2020
Night,47837,75724,88,123649,7,5,1,92,1331,2033,42990,217,46663,9550,20334,29884,76559.0,5,11,47084,39.0,38.1,2020
Extortion & Blackmailing,7327,9722,0,17049,0,3,2,23,601,540,1187,38,2389,2349,4322,6671,9063.0,19,6,7965,73.6,46.7,2020
Robbery,20781,24107,101,44989,0,22,5,53,549,433,6350,69,7454,5920,10250,16170,23646.0,15,12,21323,68.4,47.4,2020
Attempt to Commit Dacoity/Robbery,287,508,0,795,0,1,0,0,12,4,73,1,90,106,288,394,485.0,0,0,310,81.2,39.0,2020
Dacoity,3306,2573,12,5891,1,4,0,22,115,83,524,6,750,893,1182,2075,2830.0,8,10,3053,73.3,51.8,2020
Dacoity,3280,2558,10,5848,1,4,0,22,115,82,524,6,749,888,1173,2061,2815.0,8,10,3025,73.2,51.7,2020
Dacoity with Murder,26,15,2,43,0,0,0,0,0,1,0,0,1,5,9,14,15.0,0,0,28,93.3,65.1,2020
Making Preparation and Assembly for committing Dacoity,1704,3098,0,4802,0,1,0,0,1,6,20,0,27,1023,2129,3152,3180.0,1,1,1621,99.1,33.8,2020
Criminal Misappropriation,237,339,0,576,0,0,0,0,22,47,103,6,178,130,137,267,445.0,0,0,131,60.0,22.7,2020
Criminal Breach of Trust,23513,17358,26,40897,0,30,2,54,861,1047,3504,47,5513,5529,5281,10810,16353.0,23,37,24519,66.1,60.0,2020
Dishonestly Receiving/Dealing-in Stolen Property,2027,6483,0,8510,0,16,0,6,24,53,203,1,287,1050,4841,5891,6194.0,0,0,2316,95.1,27.2,2020
Offences against Property (Total),346797,643583,1354,991734,72,657,16,822,8621,48929,393833,1010,453215,68923,135037,203960,657904.0,435,114,333379,31.0,33.6,2020
Counterfeiting,2389,672,1,3062,0,1,0,0,0,12,153,1,166,240,335,575,742.0,0,1,2320,77.5,75.8,2020
Counterfeit Coin,774,12,0,786,0,0,0,0,0,0,3,0,3,4,4,8,11.0,0,0,775,72.7,98.6,2020
Counterfeiting Government Stamp,5,1,0,6,0,0,0,0,0,0,1,0,1,0,0,0,1.0,0,0,5,0.0,83.3,2020
Counterfeiting of Seal or Mark,15,22,0,37,0,0,0,0,0,0,0,0,0,0,21,21,21.0,0,0,16,100.0,43.2,2020
Counterfeit Currency & Bank notes,1595,637,1,2233,0,1,0,0,0,12,149,1,162,236,310,546,709.0,0,1,1524,77.0,68.2,2020
"Forgery, Cheating & Fraud",156893,127724,175,284792,2,324,13,221,10424,12953,29477,249,53324,32293,24689,56982,110632.0,168,280,173979,51.5,61.1,2020
Fraud,24952,24953,7,49912,0,37,2,12,1429,2027,7910,20,11398,3978,3505,7483,18918.0,6,26,30986,39.6,62.1,2020
Bank,2915,3864,1,6780,0,13,0,0,85,44,1810,8,1947,297,328,625,2585.0,1,1,4194,24.2,61.9,2020
ATMs,3422,2957,0,6379,0,1,0,0,179,285,1507,3,1974,332,558,890,2865.0,0,1,3514,31.1,55.1,2020
Credit Card/Debit Card,2069,2870,0,4939,0,2,0,0,84,111,1115,1,1311,153,350,503,1816.0,0,0,3123,27.7,63.2,2020
Other Frauds,16546,15262,6,31814,0,21,2,12,1081,1587,3478,8,6166,3196,2269,5465,11652.0,5,24,20155,46.9,63.4,2020
Other Cheating,116657,90241,161,207059,2,259,9,108,7540,9515,19472,218,36853,24443,17920,42363,79477.0,141,222,127432,53.3,61.5,2020
Other Forgery,15284,12530,7,27821,0,28,2,101,1455,1411,2095,11,5073,3872,3264,7136,12237.0,21,32,15561,58.3,55.9,2020
Offences Relating to Documents & Property Marks (Total),159282,128396,176,287854,2,325,13,221,10424,12965,29630,250,53490,32533,25024,57557,111374.0,168,281,176299,51.7,61.2,2020
Offences relating to Elections,1156,658,0,1814,0,3,0,1,28,67,66,0,162,518,311,829,994.0,1,1,819,83.4,45.1,2020
Disobedience to order duly promulgated by Public Servant,9292,612179,0,621471,0,5,2,9,456,589,1829,71,2954,6127,476170,482297,485256.0,11,5,136202,99.4,21.9,2020
Harbouring an Offender,36,164,0,200,0,0,0,1,2,1,2,0,6,19,108,127,133.0,0,0,67,95.5,33.5,2020
Offences relating to Adulteration or Sale of Food/Drugs,1164,5165,1,6330,0,8,0,1,3,28,11,1,44,679,3164,3843,3895.0,54,993,2381,98.7,37.6,2020
Rash Driving on Public way,104776,312777,349,417902,6,23,1,295,2161,3816,22616,446,29334,55317,225332,280649,310012.0,11,142,107878,90.5,25.8,2020
Rash Driving on Public Way,12299,96610,338,109247,0,2,0,11,171,372,3636,49,4239,8417,85588,94005,98246.0,5,131,10996,95.7,10.1,2020
Causing Hurt by Rash/Negligent Driving on Public Way,59274,130247,1,189522,3,7,0,200,1402,2477,11211,241,15531,28783,79857,108640,124181.0,2,1,65339,87.5,34.5,2020
Causing Grievous Hurt by Rash/Negligent Driving on Public,33203,85920,10,119133,3,14,1,84,588,967,7769,156,9564,18117,59887,78004,87585.0,4,10,31543,89.1,26.5,2020
Obstruction on Public way,5635,54952,0,60587,0,1,0,3,21,77,171,11,283,4551,50968,55519,55803.0,0,5,4784,99.5,7.9,2020
Sale of obscene Books/Objects,133,102,0,235,0,0,0,0,13,8,14,0,35,17,32,49,84.0,0,0,151,58.3,64.3,2020
Obscene Acts and Songs at Public Places,4317,26485,0,30802,0,1,0,38,130,309,276,8,761,2252,22882,25134,25896.0,0,0,4906,97.1,15.9,2020
Offences relating to Religion,1393,1749,0,3142,0,2,0,3,97,60,317,1,478,360,649,1009,1489.0,4,2,1649,67.8,52.5,2020
Cheating by Impersonation,697,585,1,1283,0,0,0,2,7,15,119,0,143,115,140,255,398.0,0,0,885,64.1,69.0,2020
Offences related to Mischief,1188,2796,0,3984,0,0,3,0,105,142,316,19,582,381,1384,1765,2347.0,2,0,1632,75.2,41.0,2020
Arson,6564,7615,3,14182,2,1,0,2,283,344,2307,38,2974,1374,2953,4327,7304.0,9,2,6869,59.2,48.4,2020
Criminal Trespass,14482,40818,14,55314,2,7,0,70,3190,1521,2392,41,7214,6608,24145,30753,37976.0,30,55,17308,81.0,31.3,2020
Cruelty by Husband or his Relatives,55499,111549,19,167067,1,143,3,122,5520,4832,5489,188,16151,29367,66786,96153,112448.0,174,99,54442,85.5,32.6,2020
Circulate False/Fake News/Rumours,313,1527,0,1840,0,1,0,4,39,28,90,0,161,94,579,673,835.0,1,5,1004,80.6,54.6,2020
Criminal Intimidation,19329,115297,5,134631,0,13,1,30,2148,1905,7475,521,12079,12057,86886,98943,111035.0,54,83,23541,89.1,17.5,2020
Insult to the Modesty of Women,4489,7065,9,11563,0,1,0,5,314,134,306,18,777,1815,3784,5599,6377.0,1,5,5185,87.8,44.8,2020
Miscellaneous IPC Crimes(Total),230463,1301483,401,1532347,11,209,10,586,14517,13876,43796,1363,74138,121651,966273,1087924,1162282.0,352,1397,369703,93.6,24.1,2020
Other IPC crimes,110624,1062399,27,1173050,0,97,3,383,17950,12553,28459,3406,62751,38472,358128,396600,459448.0,66,123,713533,86.3,60.8,2020
Total Cognizable IPC crimes,1327167,4254356,2612,5584135,113,1737,105,7161,100693,143194,569660,12802,833510,467005,2144920,2611925,3447285.0,1770,2432,2134975,75.8,38.2,2020
Murder,22198,29272,70,51540,3,81,0,6,933,1051,2808,212,5010,8831,17551,26382,31476.0,0,154,20064,83.8,38.9,2021
Culpable Homicide not amounting to Murder,1810,3807,33,5650,0,5,0,1,110,100,244,30,485,1014,2333,3347,3837.0,3,9,1810,87.2,32.0,2021
Causing Death by Negligence,58321,146195,248,204764,17,45,0,234,1507,3532,23661,6791,35725,29025,82451,111476,147263.0,8,8,57493,75.7,28.1,2021
Deaths due to Negligence relating to Road Accidents,53130,137430,239,190799,16,44,0,106,1167,3231,22469,6550,33523,27196,77610,104806,138389.0,3,4,52407,75.7,27.5,2021
Hit and Run,13564,43499,11,57074,3,16,0,60,223,1304,11824,577,13988,5552,24800,30352,44359.0,0,0,12715,68.4,22.3,2021
Other Accidents,39566,93931,228,133725,13,28,0,46,944,1927,10645,5973,19535,21644,52810,74454,94030.0,3,4,39692,79.2,29.7,2021
Deaths due to Negligence relating to Rail Accidents,114,40,0,154,0,0,0,0,0,0,69,0,69,2,3,5,74.0,0,0,80,6.8,51.9,2021
Deaths due to Medical Negligence,140,142,0,282,0,0,0,0,22,34,22,2,80,35,44,79,159.0,0,0,123,49.7,43.6,2021
Deaths due to Negligence of Civic Bodies,75,86,0,161,0,0,0,0,12,4,5,0,21,36,32,68,89.0,0,0,72,76.4,44.7,2021
Deaths due to other Negligence,4862,8497,9,13368,1,1,0,128,306,263,1096,239,2032,1756,4762,6518,8552.0,5,4,4811,76.2,36.0,2021
Dowry Deaths,3692,6753,5,10450,0,2,0,5,199,202,330,4,740,1893,4316,6209,6951.0,0,0,3499,89.3,33.5,2021
Abetment of Suicide,6049,9361,35,15445,0,8,0,11,625,242,451,24,1353,2909,4897,7806,9167.0,16,22,6262,85.2,40.5,2021
Attempt to Commit Murder,36422,55672,13,92107,1,36,3,69,1085,1190,1865,46,4255,18654,34366,53020,57312.0,29,35,34763,92.5,37.7,2021
Attempt to commit Culpable Homicide,3997,8428,2,12427,1,0,0,32,104,68,250,8,462,1868,6105,7973,8436.0,25,0,3966,94.5,31.9,2021
Attempt to Commit Suicide,1364,1863,4,3231,0,0,3,0,217,72,99,12,400,517,879,1396,1796.0,1,0,1431,77.7,44.3,2021
"Miscarriage, Infanticide, Foeticide and Abandonment",1038,1529,0,2567,0,2,0,0,55,57,1049,3,1164,141,305,446,1612.0,0,2,955,27.7,37.2,2021
Hurt,236482,585774,128,822384,18,109,2,3554,15667,25129,24634,687,69671,112041,414953,526994,596792.0,165,74,225425,88.3,27.4,2021
Simple Hurt,190997,495609,51,686657,14,85,0,3352,14391,20321,19295,430,57789,91856,350156,442012,499900.0,127,59,186630,88.4,27.2,2021
Voluntarily Causing Simple Hurt,98094,292772,25,390891,4,48,0,2669,10413,15169,11771,245,40267,41479,216430,257909,298228.0,39,23,92624,86.5,23.7,2021
Voluntarily causing hurt by Dangerous weapons or means,77564,173118,18,250700,10,24,0,633,3277,4494,5484,151,14039,43749,114004,157753,171826.0,64,16,78810,91.8,31.4,2021
Voluntarily Causing hurt/Force to deter public servant from his duty,7795,14680,6,22481,0,2,0,23,512,309,442,13,1299,4326,9378,13704,15005.0,17,15,7459,91.3,33.2,2021
Causing Hurt by act endangering life/safety of others,3982,7401,2,11385,0,1,0,7,122,119,824,17,1089,1441,5167,6608,7698.0,5,2,3682,85.8,32.3,2021
Other Simple Hurt,3562,7638,0,11200,0,10,0,20,67,230,774,4,1095,861,5177,6038,7143.0,2,3,4055,84.5,36.2,2021
Grievous Hurt,45485,90165,77,135727,4,24,2,202,1276,4808,5339,257,11882,20185,64797,84982,96892.0,38,15,38795,87.7,28.6,2021
Voluntarily causing grievous hurt,29918,64312,24,94254,1,11,2,139,792,3942,3730,140,8743,14112,47574,61686,70441.0,13,2,23798,87.6,25.2,2021
Voluntarily causing grievous hurt by dangerous weapons or means,11871,20292,50,32213,2,12,0,32,225,721,1043,113,2134,4801,13473,18274,20422.0,24,4,11767,89.5,36.5,2021
Acid Attack,106,176,0,282,0,0,0,1,9,7,13,0,30,45,113,158,188.0,0,1,94,84.0,33.3,2021
Attempt to Acid Attack,60,73,0,133,0,0,0,1,2,1,7,0,11,21,42,63,74.0,0,1,59,85.1,44.4,2021
Voluntarily Causing Grievous hurt/Force to deter public servant from his duty,828,1677,2,2507,0,1,0,1,32,47,109,1,190,454,1075,1529,1720.0,1,7,786,88.9,31.4,2021
Causing Grevious Hurt by act endangering life/safety of others,1736,2627,1,4364,1,0,0,3,188,25,256,3,475,597,1959,2556,3032.0,0,0,1332,84.3,30.5,2021
Other Grevious Hurt,966,1008,0,1974,0,0,0,25,28,65,181,0,299,155,561,716,1015.0,0,0,959,70.5,48.6,2021
Wrongful Restraint/Confinement,6281,23081,3,29365,0,5,0,21,9681,541,1763,12,12018,2461,8071,10532,22555.0,8,8,6802,46.7,23.2,2021
Assault on Women with Intent to Outrage her Modesty,34994,89200,12,124206,0,60,0,221,6764,3625,4121,110,14841,18551,58617,77168,92069.0,52,43,32085,83.8,25.8,2021
Assault on Women with Intent to Outrage her Modesty,18093,49761,9,67863,0,34,0,129,4428,2045,1858,34,8494,9698,33481,43179,51707.0,25,29,16131,83.5,23.8,2021
Sexual Harassment,6989,17539,3,24531,0,12,0,54,1138,554,985,12,2743,3726,11551,15277,18032.0,15,8,6484,84.7,26.4,2021
at Work or Office Premises,214,418,0,632,0,1,0,0,35,14,17,0,66,106,247,353,420.0,0,3,212,84.0,33.5,2021
In Public Transport System,191,357,1,549,0,4,0,0,20,2,26,0,48,106,260,366,418.0,1,0,130,87.6,23.7,2021
In Shelter Homes for women and Children,265,436,0,701,0,0,0,0,34,15,3,0,52,92,240,332,384.0,0,0,317,86.5,45.2,2021
Other Places,6319,16328,2,22649,0,7,0,54,1049,523,939,12,2577,3422,10804,14226,16810.0,14,5,5825,84.6,25.7,2021
Assault or use of Criminal Force on women with intent to Disrobe,4236,11102,0,15338,0,4,0,24,644,717,804,2,2191,2341,7020,9361,11556.0,3,3,3779,81.0,24.6,2021
Voyeurism,786,1513,0,2299,0,0,0,1,57,53,81,34,226,361,816,1177,1403.0,1,0,895,83.9,38.9,2021
Stalking,4890,9285,0,14175,0,10,0,13,497,256,393,28,1187,2425,5749,8174,9371.0,8,3,4796,87.2,33.8,2021
Kidnapping and Abduction,70558,101707,37,172302,19,54,0,331,17050,26694,20963,405,65443,12349,25792,38141,103657.0,79,64,68566,36.8,39.8,2021
Kidnapping and Abduction,33946,56302,15,90263,11,33,0,186,10085,17701,10651,279,38902,4795,11734,16529,55475.0,23,11,34765,29.8,38.5,2021
Missing Children Deemed as Kidnapped,14154,28756,4,42914,0,14,0,151,6222,9260,5967,122,21722,1435,4520,5955,27691.0,16,0,15207,21.5,35.4,2021
Other Kidnapping & Abduction,19792,27546,11,47349,11,19,0,35,3863,8441,4684,157,17180,3360,7214,10574,27784.0,7,11,19558,38.1,41.3,2021
Kidnapping and Abduction for the Purpose of Begging,42,37,0,79,0,0,0,0,0,7,5,0,12,3,10,13,25.0,0,0,54,52.0,68.4,2021
Kidnapping and Abduction in order to Murder,703,504,0,1207,0,0,0,10,44,52,169,2,277,96,158,254,531.0,0,0,676,47.8,56.0,2021
Kidnapping for Ransom,582,589,1,1172,0,5,0,0,41,40,54,0,135,143,293,436,576.0,1,1,595,75.7,50.8,2021
Kidnapping and Abduction of Women to compel her for marriage,22394,28012,4,50410,8,5,0,121,3881,5574,7194,75,16845,4669,8523,13192,30050.0,10,23,20350,43.9,40.4,2021
Procuration of Minor Girls,2931,2566,3,5500,0,4,0,1,681,284,664,22,1652,483,751,1234,2890.0,4,26,2606,42.7,47.4,2021
Importation of Girls from Foreign Country,4,2,0,6,0,0,0,0,0,0,0,0,0,1,1,2,2.0,0,0,4,100.0,66.7,2021
Other Kidnapping & Abducion,9956,13695,14,23665,0,7,0,13,2318,3036,2226,27,7620,2159,4322,6481,14108.0,41,3,9516,45.9,40.2,2021
Human Trafficking,1036,1219,2,2257,0,3,0,0,18,39,96,3,156,370,613,983,1142.0,0,0,1115,86.1,49.4,2021
Exploitation of Trafficked Person,203,115,0,318,0,0,0,0,3,10,2,0,15,82,55,137,152.0,0,0,166,90.1,52.2,2021
Selling of Minors for Prostitution,75,15,0,90,0,0,0,0,0,3,7,0,10,7,10,17,27.0,0,0,63,63.0,70.0,2021
Buying of Minors for Prostitution,19,2,0,21,0,0,0,0,0,0,0,0,0,3,2,5,5.0,0,0,16,100.0,76.2,2021
Rape,14391,31677,59,46127,3,119,0,14,4009,819,1355,59,6256,6807,19357,26164,32542.0,48,29,13537,80.4,29.3,2021
Attempt to Commit Rape,1794,3800,0,5594,0,1,0,0,730,196,213,14,1153,709,2031,2740,3894.0,0,0,1700,70.4,30.4,2021
Unnatural Offences,421,955,1,1377,0,2,0,1,71,15,44,1,132,190,659,849,983.0,0,0,394,86.4,28.6,2021
Offences Affecting the Human Body(Total),501145,1100425,652,1602222,62,532,8,4500,58828,63585,83955,8421,219289,218422,683363,901785,1121668.0,434,448,480112,80.4,30.0,2021
Offences against State,739,149,0,888,0,3,0,0,4,0,75,0,79,42,32,74,156.0,0,2,732,47.4,82.4,2021
Sedition,189,76,0,265,0,0,0,0,3,0,16,0,19,11,14,25,44.0,0,2,221,56.8,83.4,2021
Others,550,73,0,623,0,3,0,0,1,0,59,0,60,31,18,49,112.0,0,0,511,43.8,82.0,2021
Offences against the State (Total),739,149,0,888,0,3,0,0,4,0,75,0,79,42,32,74,156.0,0,2,732,47.4,82.4,2021
Unlawful Assembly,8238,14157,2,22397,0,4,0,28,926,982,527,59,2522,2463,7165,9628,12154.0,5,4,10238,79.2,45.7,2021
Riots,33914,41954,69,75937,2,13,4,304,1461,1764,2537,37,6103,16824,24598,41422,47540.0,22,43,28371,87.1,37.4,2021
Communal/Religious,754,378,0,1132,0,1,0,0,12,9,31,0,52,206,139,345,398.0,1,0,733,86.7,64.8,2021
Sectarian,224,139,0,363,0,0,0,2,2,16,14,0,34,45,53,98,132.0,0,0,231,74.2,63.6,2021
Industrial,84,127,0,211,0,0,0,0,12,1,6,0,19,42,76,118,137.0,0,0,74,86.1,35.1,2021
Political,1036,959,0,1995,0,0,0,0,22,44,62,0,128,575,589,1164,1292.0,0,1,703,90.1,35.2,2021
Caste Conflict,455,451,0,906,0,0,0,12,33,10,19,0,74,195,227,422,496.0,1,4,409,85.1,45.1,2021
Agrarian,1616,1419,0,3035,0,0,0,6,38,163,84,0,291,762,805,1567,1858.0,0,8,1177,84.3,38.8,2021
Students,227,333,0,560,0,0,0,1,7,8,49,0,65,91,227,318,383.0,1,0,176,83.0,31.4,2021
Money Dispute,714,795,0,1509,0,3,0,6,45,16,6,0,73,409,374,783,859.0,2,1,648,91.2,42.9,2021
Water Dispute,580,382,0,962,0,0,0,14,83,21,30,0,148,274,207,481,629.0,0,0,333,76.5,34.6,2021
Land/Property Dispute,8125,9196,3,17324,1,2,0,80,361,706,496,2,1645,4313,4954,9267,10915.0,0,6,6409,84.9,37.0,2021
Family Disputes,2560,3458,1,6019,0,0,0,5,142,168,106,3,424,1266,1988,3254,3678.0,3,1,2338,88.5,38.8,2021
Enmity/Rivalry,2763,4246,39,7048,0,1,0,5,158,123,223,0,509,1296,2529,3825,4335.0,1,6,2712,88.2,38.5,2021
Electricity/Power Supply Disputes,20,25,0,45,0,0,0,0,1,0,6,0,7,4,16,20,27.0,0,0,18,74.1,40.0,2021
Rioting while in Aandolan/Morcha,573,857,0,1430,0,0,0,0,19,3,35,0,57,310,619,929,986.0,1,0,443,94.2,31.0,2021
Rioting/Attacks on Police Personnel or Govt Servants,1623,481,2,2106,0,0,0,0,11,0,83,0,94,589,294,883,977.0,0,0,1129,90.4,53.6,2021
Other Riots,12560,18708,24,31292,1,6,4,173,515,476,1287,32,2483,6447,11501,17948,20438.0,12,16,10838,87.8,34.6,2021
Offences promoting enmity between different groups,2022,1104,2,3128,1,6,0,1,57,94,277,9,438,397,314,711,1156.0,3,11,1969,61.5,62.9,2021
Promoting enmity between groups,1944,1047,2,2993,1,6,0,1,54,92,265,9,421,385,302,687,1115.0,3,11,1875,61.6,62.6,2021
"Imputation, assertions prejudicial to national integration",78,57,0,135,0,0,0,0,3,2,12,0,17,12,12,24,41.0,0,0,94,58.5,69.6,2021
Affray,1723,6176,0,7899,0,0,0,0,5,11,11,1,28,1305,5151,6456,6484.0,0,0,1415,99.6,17.9,2021
Offences against Public Tranquillity (Total),45897,63391,73,109361,3,23,4,333,2449,2851,3352,106,9091,20989,37228,58217,67334.0,30,58,41993,86.5,38.4,2021
Theft,217620,586649,1726,805995,57,869,0,950,6248,48011,353994,616,409819,44617,114829,159446,570191.0,18,27,235786,28.0,29.3,2021
Auto/Motor Vehicle Theft,88216,236795,189,325200,6,43,0,395,2332,12665,146055,321,161768,17234,44561,61795,223612.0,3,17,101585,27.6,31.2,2021
Other Thefts,129404,349854,1537,480795,51,826,0,555,3916,35346,207939,295,248051,27383,70268,97651,346579.0,15,10,134201,28.2,27.9,2021
Burglary,55636,97792,118,153546,2,12,0,231,1384,4353,50696,254,56918,12332,27456,39788,96720.0,4,9,56822,41.1,37.0,2021
Day Time,8404,13253,24,21681,0,2,0,22,227,280,6561,40,7130,1881,3992,5873,13005.0,2,2,8674,45.2,40.0,2021
Night,47232,84539,94,131865,2,10,0,209,1157,4073,44135,214,49788,10451,23464,33915,83715.0,2,7,48148,40.5,36.5,2021
Extortion & Blackmailing,8014,11288,4,19306,0,6,1,19,680,858,1539,18,3114,2860,5356,8216,11336.0,11,7,7958,72.5,41.2,2021
Robbery,21394,29224,57,50675,1,46,0,43,662,1599,6375,62,8741,7014,14130,21144,29932.0,12,9,20731,70.6,40.9,2021
Attempt to Commit Dacoity/Robbery,310,580,2,892,0,0,0,0,4,8,64,0,76,89,366,455,531.0,0,0,361,85.7,40.5,2021
Dacoity,3067,2877,3,5947,0,5,0,22,120,157,567,33,899,949,1296,2245,3149.0,5,10,2793,71.3,47.0,2021
Dacoity,3036,2858,3,5897,0,5,0,22,120,157,567,33,899,943,1282,2225,3129.0,5,10,2763,71.1,46.9,2021
Dacoity with Murder,31,19,0,50,0,0,0,0,0,0,0,0,0,6,14,20,20.0,0,0,30,100.0,60.0,2021
Making Preparation and Assembly for committing Dacoity,1628,4060,1,5689,0,0,0,0,3,50,10,1,64,1010,2813,3823,3887.0,0,1,1802,98.4,31.7,2021
Criminal Misappropriation,131,177,1,309,2,0,0,1,11,48,38,1,99,33,76,109,210.0,0,0,99,51.9,32.0,2021
Criminal Breach of Trust,24550,21241,73,45864,1,46,1,55,953,1582,4989,68,7647,6154,6931,13085,20779.0,18,83,25066,63.0,54.7,2021
Dishonestly Receiving/Dealing-in Stolen Property,2356,8480,1,10837,0,26,0,10,74,66,278,0,428,1108,6048,7156,7610.0,0,0,3227,94.0,29.8,2021
Offences against Property (Total),334706,762368,1986,1099060,63,1010,2,1331,10139,56732,418550,1053,487805,76166,179301,255467,744345.0,68,146,354645,34.3,32.3,2021
Counterfeiting,2318,699,7,3024,0,6,0,0,3,43,170,0,216,235,302,537,759.0,0,1,2265,70.8,74.9,2021
Counterfeit Coin,775,6,0,781,0,0,0,0,0,1,1,0,2,5,5,10,12.0,0,0,769,83.3,98.5,2021
Counterfeiting Government Stamp,5,1,0,6,0,0,0,0,0,0,3,0,3,1,1,2,5.0,0,0,1,40.0,16.7,2021
Counterfeiting of Seal or Mark,16,4,0,20,0,0,0,0,0,0,1,0,1,0,3,3,4.0,0,0,16,75.0,80.0,2021
Counterfeit Currency & Bank notes,1522,688,7,2217,0,6,0,0,3,42,165,0,210,229,293,522,738.0,0,1,1479,70.7,66.7,2021
"Forgery, Cheating & Fraud",174419,152073,362,326854,16,4022,5,450,14193,19264,34571,567,69045,38596,35336,73932,147015.0,174,539,179660,50.3,55.0,2021
Fraud,31022,30051,23,61096,0,130,2,27,2311,3245,10978,15,16576,5346,4298,9644,26350.0,9,31,34735,36.6,56.9,2021
Bank,4196,3062,0,7258,0,94,0,0,122,49,1366,1,1538,478,295,773,2405.0,1,3,4852,32.1,66.9,2021
ATMs,3513,2914,0,6427,0,0,0,3,350,488,1206,1,2048,504,474,978,3026.0,0,0,3401,32.3,52.9,2021
Credit Card/Debit Card,3168,3432,3,6603,0,0,0,2,117,187,1892,6,2204,358,430,788,2992.0,0,0,3611,26.3,54.7,2021
Other Frauds,20145,20643,20,40808,0,36,2,22,1722,2521,6514,7,10786,4006,3099,7105,17927.0,8,28,22871,39.6,56.0,2021
Cheating,127637,104614,325,232576,11,3868,1,363,9493,13313,20982,542,44693,28841,26232,55073,103645.0,144,445,128786,53.1,55.4,2021
Forgery,15760,17408,14,33182,5,24,2,60,2389,2706,2611,10,7776,4409,4806,9215,17020.0,21,63,16139,54.1,48.6,2021
Offences Relating to Documents & Property Marks (Total),176737,152772,369,329878,16,4028,5,450,14196,19307,34741,567,69261,38831,35638,74469,147774.0,174,540,181925,50.4,55.1,2021
Offences relating to Elections,830,3090,0,3920,0,1,0,0,26,47,242,1,316,355,1743,2098,2415.0,0,31,1505,86.9,38.4,2021
Disobedience to order duly promulgated by Public Servant,136202,322115,2,458319,0,0,1561,3213,949,17331,2398,52,23943,78853,275792,354645,378588.0,357,4934,77813,93.7,17.0,2021
Harbouring an Offender,67,93,0,160,0,0,0,0,4,0,1,1,6,18,77,95,101.0,20,0,39,94.1,24.4,2021
Offences relating to Adulteration or Sale of Food/Drugs,2381,8320,0,10701,0,45,0,0,115,17,22,63,217,1477,5964,7441,7703.0,51,0,2947,96.6,27.5,2021
Rash Driving on Public way,108281,347953,612,456846,7,69,0,32,2533,5337,22867,388,31157,55487,259786,315273,346506.0,135,147,110205,91.0,24.1,2021
Rash Driving on Public Way,10996,108737,0,119733,0,4,0,3,172,1031,2741,14,3961,6645,98099,104744,108709.0,13,13,11011,96.4,9.2,2021
Causing Hurt by Rash/Negligent Driving on Public Way,65742,125303,11,191056,4,39,0,22,1705,2882,12360,216,17185,29742,85888,115630,132858.0,119,129,58079,87.0,30.4,2021
Causing Grievous Hurt by Rash/Negligent Driving on Public,31543,113913,601,146057,3,26,0,7,656,1424,7766,158,10011,19100,75799,94899,104939.0,3,5,41115,90.4,28.1,2021
Obstruction on Public way,4784,58562,0,63346,0,0,0,0,28,12,52,3,95,3749,54438,58187,58282.0,0,2,5064,99.8,8.0,2021
Sale of obscene Books/Objects,151,61,1,213,0,0,0,0,0,0,8,0,8,25,34,59,67.0,0,0,146,88.1,68.5,2021
Obscene Acts and Songs at Public Places,4906,21810,0,26716,1,3,0,23,244,488,545,10,1310,2386,16538,18924,20238.0,3,1,6475,93.5,24.2,2021
Offences relating to Religion,1650,1475,1,3126,1,8,0,3,110,84,305,4,506,449,578,1027,1542.0,6,7,1578,66.6,50.5,2021
Cheating by Impersonation,885,471,2,1358,0,1,0,1,65,13,80,1,160,59,205,264,425.0,0,0,933,62.1,68.7,2021
Offences related to Mischief,1632,3459,0,5091,0,1,2,3,89,143,495,10,740,606,2102,2708,3449.0,0,1,1640,78.5,32.2,2021
Arson,6869,7961,7,14837,1,0,0,12,310,498,2643,35,3498,1526,3379,4905,8404.0,6,9,6427,58.4,43.3,2021
Criminal Trespass,17308,44004,13,61325,3,8,2,75,4302,1897,2578,29,8881,8986,27264,36250,45142.0,36,75,16145,80.3,26.3,2021
Cruelty by Husband or his Relatives,54484,136234,9,190727,3,110,1,44,6938,7037,6860,131,21010,27623,86681,114304,135427.0,256,141,55043,84.4,28.9,2021
Circulate False/Fake News/Rumours,1003,882,0,1885,0,2,0,1,39,28,151,2,221,298,334,632,855.0,1,3,1029,73.9,54.6,2021
Criminal Intimidation,23541,123442,4,146987,9,17,1,114,2100,2594,6508,41,11357,14014,98641,112655,124038.0,57,99,22891,90.8,15.6,2021
Insult to the Modesty of Women,5185,7788,0,12973,0,1,0,10,361,170,434,12,987,2443,4337,6780,7768.0,0,6,5205,87.3,40.1,2021
Miscellaneous IPC Crimes(Total),370159,1087720,651,1458530,25,266,1567,3531,18213,35696,46189,783,104412,198354,837893,1036247,1140950.0,928,5456,315085,90.8,21.6,2021
Other IPC crimes,713524,496535,90,1210149,4,102,161,240,18363,17737,111037,916,148293,100513,293493,394006,542405.0,30,47,667553,72.6,55.2,2021
Total Cognizable IPC crimes,2142907,3663360,3821,5810088,173,5964,1747,10385,122192,195908,697899,11846,1038230,653317,2066948,2720265,3764632.0,1664,6697,2042045,72.3,35.1,2021
